date,publisher,candidate,count
2020-03-01,NewYorkTimes,Trump,42
2020-03-02,Buzzfeed,Trump,670
2020-03-02,NewYorkTimes,Trump,372
2020-03-03,Buzzfeed,Trump,170
2020-03-04,Buzzfeed,Trump,200
2020-03-04,Fox,Trump,35
2020-03-05,Buzzfeed,Trump,70
2020-03-05,Fox,Trump,14
2020-03-06,AP,Trump,150
2020-03-06,Breitbart,Trump,168
2020-03-06,Buzzfeed,Trump,10
2020-03-06,Fox,Trump,0
2020-03-06,NewYorkTimes,Trump,7
2020-03-07,AP,Trump,606
2020-03-07,Breitbart,Trump,158
2020-03-07,Buzzfeed,Trump,0
2020-03-07,Fox,Trump,49
2020-03-07,NBC,Trump,279
2020-03-07,NewYorkTimes,Trump,777
2020-03-08,AP,Trump,246
2020-03-08,Breitbart,Trump,126
2020-03-08,Fox,Trump,245
2020-03-08,NBC,Trump,162
2020-03-08,NewYorkTimes,Trump,434
2020-03-09,AP,Trump,504
2020-03-09,Breitbart,Trump,88
2020-03-09,Buzzfeed,Trump,90
2020-03-09,Fox,Trump,679
2020-03-09,NBC,Trump,423
2020-03-09,NewYorkTimes,Trump,735
2020-03-10,AP,Trump,1180
2020-03-10,Buzzfeed,Trump,170
2020-03-10,Fox,Trump,329
2020-03-10,NBC,Trump,261
2020-03-10,NewYorkTimes,Trump,28
2020-03-11,AP,Trump,714
2020-03-11,Buzzfeed,Trump,60
2020-03-11,Fox,Trump,84
2020-03-11,NBC,Trump,576
2020-03-12,AP,Trump,1326
2020-03-12,Breitbart,Trump,160
2020-03-12,Buzzfeed,Trump,280
2020-03-12,Fox,Trump,378
2020-03-12,NBC,Trump,1026
2020-03-12,NewYorkTimes,Trump,336
2020-03-13,AP,Trump,462
2020-03-13,Breitbart,Trump,200
2020-03-13,Buzzfeed,Trump,590
2020-03-13,Fox,Trump,651
2020-03-13,NBC,Trump,792
2020-03-13,NewYorkTimes,Trump,938
2020-03-13,Politico,Trump,1442
2020-03-13,WashingtonTimes,Trump,414
2020-03-14,AP,Trump,750
2020-03-14,Breitbart,Trump,100
2020-03-14,Buzzfeed,Trump,0
2020-03-14,Fox,Trump,637
2020-03-14,NBC,Trump,459
2020-03-14,NewYorkTimes,Trump,2303
2020-03-14,Politico,Trump,1211
2020-03-14,WashingtonTimes,Trump,171
2020-03-15,AP,Trump,300
2020-03-15,Breitbart,Trump,54
2020-03-15,Buzzfeed,Trump,0
2020-03-15,Fox,Trump,140
2020-03-15,NBC,Trump,585
2020-03-15,NewYorkTimes,Trump,252
2020-03-15,Politico,Trump,273
2020-03-15,WashingtonTimes,Trump,531
2020-03-16,AP,Trump,612
2020-03-16,Breitbart,Trump,188
2020-03-16,Buzzfeed,Trump,90
2020-03-16,Fox,Trump,474
2020-03-16,NBC,Trump,567
2020-03-16,NewYorkTimes,Trump,560
2020-03-16,Politico,Trump,980
2020-03-16,WashingtonTimes,Trump,756
2020-03-17,AP,Trump,1128
2020-03-17,Breitbart,Trump,286
2020-03-17,Buzzfeed,Trump,40
2020-03-17,Fox,Trump,726
2020-03-17,NBC,Trump,459
2020-03-17,NewYorkTimes,Trump,462
2020-03-17,Politico,Trump,896
2020-03-17,WashingtonTimes,Trump,1080
2020-03-18,AP,Trump,1332
2020-03-18,Breitbart,Trump,310
2020-03-18,Buzzfeed,Trump,300
2020-03-18,Fox,Trump,1078
2020-03-18,NBC,Trump,433
2020-03-18,NewYorkTimes,Trump,287
2020-03-18,Politico,Trump,1029
2020-03-18,WashingtonTimes,Trump,981
2020-03-19,AP,Trump,1626
2020-03-19,Breitbart,Trump,236
2020-03-19,Buzzfeed,Trump,40
2020-03-19,Fox,Trump,889
2020-03-19,NBC,Trump,695
2020-03-19,NewYorkTimes,Trump,392
2020-03-19,Politico,Trump,2296
2020-03-19,WashingtonTimes,Trump,649
2020-03-20,AP,Trump,1812
2020-03-20,Breitbart,Trump,440
2020-03-20,Buzzfeed,Trump,208
2020-03-20,Fox,Trump,1281
2020-03-20,NBC,Trump,1749
2020-03-20,NewYorkTimes,Trump,280
2020-03-20,Politico,Trump,1932
2020-03-20,WashingtonTimes,Trump,320
2020-03-21,AP,Trump,804
2020-03-21,Breitbart,Trump,130
2020-03-21,Buzzfeed,Trump,120
2020-03-21,Fox,Trump,343
2020-03-21,NBC,Trump,289
2020-03-21,NewYorkTimes,Trump,280
2020-03-21,Politico,Trump,854
2020-03-21,WashingtonTimes,Trump,223
2020-03-22,AP,Trump,817
2020-03-22,Breitbart,Trump,119
2020-03-22,Fox,Trump,444
2020-03-22,NBC,Trump,515
2020-03-22,NewYorkTimes,Trump,252
2020-03-22,Politico,Trump,1809
2020-03-22,WashingtonTimes,Trump,923
2020-03-23,AP,Trump,900
2020-03-23,Breitbart,Trump,124
2020-03-23,Buzzfeed,Trump,224
2020-03-23,Fox,Trump,803
2020-03-23,NBC,Trump,217
2020-03-23,NewYorkTimes,Trump,456
2020-03-23,Politico,Trump,1410
2020-03-23,WashingtonTimes,Trump,616
2020-03-24,AP,Trump,345
2020-03-24,Breitbart,Trump,201
2020-03-24,Buzzfeed,Trump,441
2020-03-24,Fox,Trump,1768
2020-03-24,NBC,Trump,1429
2020-03-24,NewYorkTimes,Trump,354
2020-03-24,Politico,Trump,3072
2020-03-24,WashingtonTimes,Trump,819
2020-03-25,AP,Trump,203
2020-03-25,Breitbart,Trump,103
2020-03-25,Buzzfeed,Trump,187
2020-03-25,Fox,Trump,972
2020-03-25,NBC,Trump,649
2020-03-25,NewYorkTimes,Trump,78
2020-03-25,Politico,Trump,1848
2020-03-25,WashingtonTimes,Trump,504
2020-03-26,AP,Trump,946
2020-03-26,Breitbart,Trump,128
2020-03-26,Fox,Trump,540
2020-03-26,NBC,Trump,697
2020-03-26,NewYorkTimes,Trump,5
2020-03-26,Politico,Trump,735
2020-03-26,WashingtonTimes,Trump,582
2020-03-27,AP,Trump,694
2020-03-27,Breitbart,Trump,182
2020-03-27,Buzzfeed,Trump,108
2020-03-27,Fox,Trump,907
2020-03-27,NBC,Trump,630
2020-03-27,NewYorkTimes,Trump,285
2020-03-27,Politico,Trump,1560
2020-03-27,WashingtonTimes,Trump,761
2020-03-28,AP,Trump,461
2020-03-28,Breitbart,Trump,75
2020-03-28,Buzzfeed,Trump,10
2020-03-28,Fox,Trump,248
2020-03-28,NBC,Trump,212
2020-03-28,NewYorkTimes,Trump,200
2020-03-28,Politico,Trump,572
2020-03-28,WashingtonTimes,Trump,211
2020-03-29,AP,Trump,237
2020-03-29,Breitbart,Trump,77
2020-03-29,Buzzfeed,Trump,5
2020-03-29,Fox,Trump,680
2020-03-29,NBC,Trump,405
2020-03-29,NewYorkTimes,Trump,268
2020-03-29,Politico,Trump,288
2020-03-29,WashingtonTimes,Trump,310
2020-03-30,AP,Trump,594
2020-03-30,Breitbart,Trump,93
2020-03-30,Buzzfeed,Trump,15
2020-03-30,Fox,Trump,644
2020-03-30,NBC,Trump,555
2020-03-30,NewYorkTimes,Trump,608
2020-03-30,Politico,Trump,556
2020-03-30,WashingtonTimes,Trump,320
2020-03-31,AP,Trump,504
2020-03-31,Breitbart,Trump,132
2020-03-31,Buzzfeed,Trump,50
2020-03-31,Fox,Trump,632
2020-03-31,NBC,Trump,440
2020-03-31,NewYorkTimes,Trump,164
2020-03-31,Politico,Trump,732
2020-03-31,WashingtonTimes,Trump,715
2020-04-01,AP,Trump,630
2020-04-01,Breitbart,Trump,99
2020-04-01,Buzzfeed,Trump,140
2020-04-01,Fox,Trump,666
2020-04-01,NBC,Trump,396
2020-04-01,NewYorkTimes,Trump,256
2020-04-01,Politico,Trump,1184
2020-04-01,WashingtonTimes,Trump,265
2020-04-02,AP,Trump,552
2020-04-02,Breitbart,Trump,132
2020-04-02,Fox,Trump,738
2020-04-02,NBC,Trump,959
2020-04-02,NewYorkTimes,Trump,324
2020-04-02,Politico,Trump,1072
2020-04-02,WashingtonTimes,Trump,440
2020-04-03,AP,Trump,449
2020-04-03,Breitbart,Trump,129
2020-04-03,Buzzfeed,Trump,109
2020-04-03,Fox,Trump,585
2020-04-03,NBC,Trump,451
2020-04-03,NewYorkTimes,Trump,46
2020-04-03,Politico,Trump,1379
2020-04-03,WashingtonTimes,Trump,920
2020-04-04,AP,Trump,157
2020-04-04,Breitbart,Trump,66
2020-04-04,Buzzfeed,Trump,69
2020-04-04,Fox,Trump,148
2020-04-04,NBC,Trump,358
2020-04-04,NewYorkTimes,Trump,56
2020-04-04,Politico,Trump,220
2020-04-04,WashingtonTimes,Trump,171
2020-04-05,AP,Trump,220
2020-04-05,Breitbart,Trump,63
2020-04-05,Fox,Trump,136
2020-04-05,NBC,Trump,186
2020-04-05,NewYorkTimes,Trump,86
2020-04-05,Politico,Trump,338
2020-04-05,WashingtonTimes,Trump,468
2020-04-06,AP,Trump,220
2020-04-06,Breitbart,Trump,124
2020-04-06,Buzzfeed,Trump,6
2020-04-06,Fox,Trump,539
2020-04-06,NBC,Trump,285
2020-04-06,NewYorkTimes,Trump,206
2020-04-06,Politico,Trump,610
2020-04-06,WashingtonTimes,Trump,447
2020-04-07,AP,Trump,107
2020-04-07,Breitbart,Trump,76
2020-04-07,Fox,Trump,218
2020-04-07,NBC,Trump,264
2020-04-07,NewYorkTimes,Trump,26
2020-04-07,Politico,Trump,482
2020-04-07,WashingtonTimes,Trump,273
2020-04-08,AP,Trump,138
2020-04-08,Breitbart,Trump,157
2020-04-08,Buzzfeed,Trump,57
2020-04-08,Fox,Trump,376
2020-04-08,NBC,Trump,411
2020-04-08,NewYorkTimes,Trump,172
2020-04-08,Politico,Trump,506
2020-04-08,WashingtonTimes,Trump,246
2020-04-09,AP,Trump,161
2020-04-09,Breitbart,Trump,87
2020-04-09,Buzzfeed,Trump,15
2020-04-09,Fox,Trump,434
2020-04-09,NBC,Trump,354
2020-04-09,NewYorkTimes,Trump,148
2020-04-09,Politico,Trump,394
2020-04-09,WashingtonTimes,Trump,345
2020-04-10,AP,Trump,152
2020-04-10,Breitbart,Trump,95
2020-04-10,Fox,Trump,495
2020-04-10,NBC,Trump,165
2020-04-10,NewYorkTimes,Trump,166
2020-04-10,Politico,Trump,440
2020-04-10,WashingtonTimes,Trump,417
2020-04-11,AP,Trump,72
2020-04-11,Breitbart,Trump,54
2020-04-11,Buzzfeed,Trump,51
2020-04-11,Fox,Trump,28
2020-04-11,NBC,Trump,312
2020-04-11,NewYorkTimes,Trump,116
2020-04-11,Politico,Trump,258
2020-04-11,WashingtonTimes,Trump,12
2020-04-12,AP,Trump,158
2020-04-12,Breitbart,Trump,77
2020-04-12,Fox,Trump,84
2020-04-12,NBC,Trump,114
2020-04-12,NewYorkTimes,Trump,56
2020-04-12,Politico,Trump,260
2020-04-12,WashingtonTimes,Trump,393
2020-04-13,AP,Trump,184
2020-04-13,Breitbart,Trump,125
2020-04-13,Buzzfeed,Trump,0
2020-04-13,Fox,Trump,378
2020-04-13,NBC,Trump,396
2020-04-13,NewYorkTimes,Trump,120
2020-04-13,Politico,Trump,568
2020-04-13,WashingtonTimes,Trump,501
2020-04-14,AP,Trump,210
2020-04-14,Breitbart,Trump,87
2020-04-14,Buzzfeed,Trump,60
2020-04-14,Fox,Trump,308
2020-04-14,NBC,Trump,387
2020-04-14,NewYorkTimes,Trump,40
2020-04-14,Politico,Trump,590
2020-04-14,WashingtonTimes,Trump,222
2020-04-15,AP,Trump,254
2020-04-15,Breitbart,Trump,178
2020-04-15,Buzzfeed,Trump,39
2020-04-15,Fox,Trump,378
2020-04-15,NBC,Trump,378
2020-04-15,NewYorkTimes,Trump,72
2020-04-15,Politico,Trump,690
2020-04-15,WashingtonTimes,Trump,516
2020-04-16,AP,Trump,150
2020-04-16,Breitbart,Trump,102
2020-04-16,Buzzfeed,Trump,45
2020-04-16,Fox,Trump,351
2020-04-16,NBC,Trump,338
2020-04-16,Politico,Trump,617
2020-04-16,WashingtonTimes,Trump,256
2020-04-17,AP,Trump,74
2020-04-17,Breitbart,Trump,164
2020-04-17,Buzzfeed,Trump,16
2020-04-17,Fox,Trump,161
2020-04-17,NBC,Trump,264
2020-04-17,Politico,Trump,555
2020-04-17,WashingtonTimes,Trump,151
2020-04-18,Breitbart,Trump,66
2020-04-18,Fox,Trump,62
2020-04-18,NBC,Trump,128
2020-04-18,Politico,Trump,95
2020-04-18,WashingtonTimes,Trump,178
2020-04-19,Breitbart,Trump,30
2020-04-19,Fox,Trump,3
2020-03-01,NewYorkTimes,Sanders,0
2020-03-02,Buzzfeed,Sanders,140
2020-03-02,NewYorkTimes,Sanders,0
2020-03-03,Buzzfeed,Sanders,850
2020-03-04,Buzzfeed,Sanders,200
2020-03-04,Fox,Sanders,224
2020-03-05,Buzzfeed,Sanders,190
2020-03-05,Fox,Sanders,42
2020-03-06,AP,Sanders,60
2020-03-06,Breitbart,Sanders,36
2020-03-06,Buzzfeed,Sanders,0
2020-03-06,Fox,Sanders,21
2020-03-06,NewYorkTimes,Sanders,469
2020-03-07,AP,Sanders,384
2020-03-07,Breitbart,Sanders,128
2020-03-07,Buzzfeed,Sanders,630
2020-03-07,Fox,Sanders,70
2020-03-07,NBC,Sanders,261
2020-03-07,NewYorkTimes,Sanders,175
2020-03-08,AP,Sanders,396
2020-03-08,Breitbart,Sanders,14
2020-03-08,Fox,Sanders,161
2020-03-08,NBC,Sanders,189
2020-03-08,NewYorkTimes,Sanders,840
2020-03-09,AP,Sanders,486
2020-03-09,Breitbart,Sanders,82
2020-03-09,Buzzfeed,Sanders,340
2020-03-09,Fox,Sanders,1064
2020-03-09,NBC,Sanders,639
2020-03-09,NewYorkTimes,Sanders,686
2020-03-10,AP,Sanders,736
2020-03-10,Buzzfeed,Sanders,530
2020-03-10,Fox,Sanders,455
2020-03-10,NBC,Sanders,531
2020-03-10,NewYorkTimes,Sanders,0
2020-03-11,AP,Sanders,540
2020-03-11,Buzzfeed,Sanders,550
2020-03-11,Fox,Sanders,252
2020-03-11,NBC,Sanders,1314
2020-03-12,AP,Sanders,342
2020-03-12,Breitbart,Sanders,42
2020-03-12,Buzzfeed,Sanders,100
2020-03-12,Fox,Sanders,287
2020-03-12,NBC,Sanders,360
2020-03-12,NewYorkTimes,Sanders,91
2020-03-13,AP,Sanders,156
2020-03-13,Breitbart,Sanders,16
2020-03-13,Buzzfeed,Sanders,80
2020-03-13,Fox,Sanders,182
2020-03-13,NBC,Sanders,198
2020-03-13,NewYorkTimes,Sanders,133
2020-03-13,Politico,Sanders,49
2020-03-13,WashingtonTimes,Sanders,153
2020-03-14,AP,Sanders,144
2020-03-14,Breitbart,Sanders,36
2020-03-14,Buzzfeed,Sanders,60
2020-03-14,Fox,Sanders,98
2020-03-14,NBC,Sanders,252
2020-03-14,NewYorkTimes,Sanders,679
2020-03-14,Politico,Sanders,343
2020-03-14,WashingtonTimes,Sanders,0
2020-03-15,AP,Sanders,348
2020-03-15,Breitbart,Sanders,24
2020-03-15,Buzzfeed,Sanders,390
2020-03-15,Fox,Sanders,196
2020-03-15,NBC,Sanders,774
2020-03-15,NewYorkTimes,Sanders,1120
2020-03-15,Politico,Sanders,546
2020-03-15,WashingtonTimes,Sanders,657
2020-03-16,AP,Sanders,750
2020-03-16,Breitbart,Sanders,38
2020-03-16,Buzzfeed,Sanders,10
2020-03-16,Fox,Sanders,614
2020-03-16,NBC,Sanders,1431
2020-03-16,NewYorkTimes,Sanders,301
2020-03-16,Politico,Sanders,161
2020-03-16,WashingtonTimes,Sanders,270
2020-03-17,AP,Sanders,1032
2020-03-17,Breitbart,Sanders,136
2020-03-17,Buzzfeed,Sanders,60
2020-03-17,Fox,Sanders,844
2020-03-17,NBC,Sanders,387
2020-03-17,NewYorkTimes,Sanders,665
2020-03-17,Politico,Sanders,616
2020-03-17,WashingtonTimes,Sanders,531
2020-03-18,AP,Sanders,894
2020-03-18,Breitbart,Sanders,100
2020-03-18,Buzzfeed,Sanders,20
2020-03-18,Fox,Sanders,847
2020-03-18,NBC,Sanders,800
2020-03-18,NewYorkTimes,Sanders,329
2020-03-18,Politico,Sanders,224
2020-03-18,WashingtonTimes,Sanders,315
2020-03-19,AP,Sanders,84
2020-03-19,Breitbart,Sanders,22
2020-03-19,Buzzfeed,Sanders,10
2020-03-19,Fox,Sanders,154
2020-03-19,NBC,Sanders,54
2020-03-19,NewYorkTimes,Sanders,21
2020-03-19,Politico,Sanders,63
2020-03-19,WashingtonTimes,Sanders,315
2020-03-20,AP,Sanders,90
2020-03-20,Breitbart,Sanders,4
2020-03-20,Buzzfeed,Sanders,0
2020-03-20,Fox,Sanders,133
2020-03-20,NBC,Sanders,121
2020-03-20,NewYorkTimes,Sanders,28
2020-03-20,Politico,Sanders,28
2020-03-20,WashingtonTimes,Sanders,16
2020-03-21,AP,Sanders,0
2020-03-21,Breitbart,Sanders,22
2020-03-21,Buzzfeed,Sanders,0
2020-03-21,Fox,Sanders,21
2020-03-21,NBC,Sanders,128
2020-03-21,NewYorkTimes,Sanders,497
2020-03-21,Politico,Sanders,189
2020-03-21,WashingtonTimes,Sanders,40
2020-03-22,AP,Sanders,0
2020-03-22,Breitbart,Sanders,8
2020-03-22,Fox,Sanders,141
2020-03-22,NBC,Sanders,29
2020-03-22,NewYorkTimes,Sanders,36
2020-03-22,Politico,Sanders,141
2020-03-22,WashingtonTimes,Sanders,22
2020-03-23,AP,Sanders,70
2020-03-23,Breitbart,Sanders,12
2020-03-23,Buzzfeed,Sanders,0
2020-03-23,Fox,Sanders,66
2020-03-23,NBC,Sanders,98
2020-03-23,NewYorkTimes,Sanders,18
2020-03-23,Politico,Sanders,60
2020-03-23,WashingtonTimes,Sanders,70
2020-03-24,AP,Sanders,0
2020-03-24,Breitbart,Sanders,10
2020-03-24,Buzzfeed,Sanders,0
2020-03-24,Fox,Sanders,120
2020-03-24,NBC,Sanders,84
2020-03-24,NewYorkTimes,Sanders,55
2020-03-24,Politico,Sanders,204
2020-03-24,WashingtonTimes,Sanders,7
2020-03-25,AP,Sanders,75
2020-03-25,Breitbart,Sanders,9
2020-03-25,Buzzfeed,Sanders,34
2020-03-25,Fox,Sanders,252
2020-03-25,NBC,Sanders,150
2020-03-25,NewYorkTimes,Sanders,60
2020-03-25,Politico,Sanders,240
2020-03-25,WashingtonTimes,Sanders,56
2020-03-26,AP,Sanders,0
2020-03-26,Breitbart,Sanders,21
2020-03-26,Fox,Sanders,25
2020-03-26,NBC,Sanders,85
2020-03-26,NewYorkTimes,Sanders,65
2020-03-26,Politico,Sanders,6
2020-03-26,WashingtonTimes,Sanders,60
2020-03-27,AP,Sanders,0
2020-03-27,Breitbart,Sanders,14
2020-03-27,Buzzfeed,Sanders,0
2020-03-27,Fox,Sanders,95
2020-03-27,NBC,Sanders,6
2020-03-27,NewYorkTimes,Sanders,30
2020-03-27,Politico,Sanders,95
2020-03-27,WashingtonTimes,Sanders,18
2020-03-28,AP,Sanders,0
2020-03-28,Breitbart,Sanders,0
2020-03-28,Buzzfeed,Sanders,0
2020-03-28,Fox,Sanders,0
2020-03-28,NBC,Sanders,115
2020-03-28,NewYorkTimes,Sanders,0
2020-03-28,Politico,Sanders,65
2020-03-28,WashingtonTimes,Sanders,5
2020-03-29,AP,Sanders,15
2020-03-29,Breitbart,Sanders,8
2020-03-29,Buzzfeed,Sanders,0
2020-03-29,Fox,Sanders,16
2020-03-29,NBC,Sanders,0
2020-03-29,NewYorkTimes,Sanders,4
2020-03-29,Politico,Sanders,0
2020-03-29,WashingtonTimes,Sanders,0
2020-03-30,AP,Sanders,0
2020-03-30,Breitbart,Sanders,6
2020-03-30,Buzzfeed,Sanders,0
2020-03-30,Fox,Sanders,68
2020-03-30,NBC,Sanders,105
2020-03-30,NewYorkTimes,Sanders,36
2020-03-30,Politico,Sanders,44
2020-03-30,WashingtonTimes,Sanders,20
2020-03-31,AP,Sanders,0
2020-03-31,Breitbart,Sanders,8
2020-03-31,Buzzfeed,Sanders,0
2020-03-31,Fox,Sanders,84
2020-03-31,NBC,Sanders,60
2020-03-31,NewYorkTimes,Sanders,20
2020-03-31,Politico,Sanders,16
2020-03-31,WashingtonTimes,Sanders,15
2020-04-01,AP,Sanders,42
2020-04-01,Breitbart,Sanders,6
2020-04-01,Buzzfeed,Sanders,5
2020-04-01,Fox,Sanders,160
2020-04-01,NBC,Sanders,50
2020-04-01,NewYorkTimes,Sanders,164
2020-04-01,Politico,Sanders,36
2020-04-01,WashingtonTimes,Sanders,10
2020-04-02,AP,Sanders,27
2020-04-02,Breitbart,Sanders,6
2020-04-02,Fox,Sanders,34
2020-04-02,NBC,Sanders,80
2020-04-02,NewYorkTimes,Sanders,68
2020-04-02,Politico,Sanders,28
2020-04-02,WashingtonTimes,Sanders,45
2020-04-03,AP,Sanders,25
2020-04-03,Breitbart,Sanders,19
2020-04-03,Buzzfeed,Sanders,0
2020-04-03,Fox,Sanders,159
2020-04-03,NBC,Sanders,14
2020-04-03,NewYorkTimes,Sanders,0
2020-04-03,Politico,Sanders,236
2020-04-03,WashingtonTimes,Sanders,17
2020-04-04,AP,Sanders,8
2020-04-04,Breitbart,Sanders,5
2020-04-04,Buzzfeed,Sanders,0
2020-04-04,Fox,Sanders,18
2020-04-04,NBC,Sanders,36
2020-04-04,NewYorkTimes,Sanders,12
2020-04-04,Politico,Sanders,2
2020-04-04,WashingtonTimes,Sanders,33
2020-04-05,AP,Sanders,1
2020-04-05,Breitbart,Sanders,1
2020-04-05,Fox,Sanders,2
2020-04-05,NBC,Sanders,81
2020-04-05,NewYorkTimes,Sanders,12
2020-04-05,Politico,Sanders,188
2020-04-05,WashingtonTimes,Sanders,3
2020-04-06,AP,Sanders,7
2020-04-06,Breitbart,Sanders,1
2020-04-06,Buzzfeed,Sanders,0
2020-04-06,Fox,Sanders,47
2020-04-06,NBC,Sanders,15
2020-04-06,NewYorkTimes,Sanders,102
2020-04-06,Politico,Sanders,26
2020-04-06,WashingtonTimes,Sanders,0
2020-04-07,AP,Sanders,24
2020-04-07,Breitbart,Sanders,2
2020-04-07,Fox,Sanders,64
2020-04-07,NBC,Sanders,39
2020-04-07,NewYorkTimes,Sanders,8
2020-04-07,Politico,Sanders,10
2020-04-07,WashingtonTimes,Sanders,78
2020-04-08,AP,Sanders,108
2020-04-08,Breitbart,Sanders,127
2020-04-08,Buzzfeed,Sanders,255
2020-04-08,Fox,Sanders,382
2020-04-08,NBC,Sanders,522
2020-04-08,NewYorkTimes,Sanders,130
2020-04-08,Politico,Sanders,288
2020-04-08,WashingtonTimes,Sanders,141
2020-04-09,AP,Sanders,42
2020-04-09,Breitbart,Sanders,39
2020-04-09,Buzzfeed,Sanders,99
2020-04-09,Fox,Sanders,298
2020-04-09,NBC,Sanders,327
2020-04-09,NewYorkTimes,Sanders,140
2020-04-09,Politico,Sanders,182
2020-04-09,WashingtonTimes,Sanders,84
2020-04-10,AP,Sanders,3
2020-04-10,Breitbart,Sanders,1
2020-04-10,Fox,Sanders,63
2020-04-10,NBC,Sanders,45
2020-04-10,NewYorkTimes,Sanders,0
2020-04-10,Politico,Sanders,120
2020-04-10,WashingtonTimes,Sanders,0
2020-04-11,AP,Sanders,0
2020-04-11,Breitbart,Sanders,4
2020-04-11,Buzzfeed,Sanders,0
2020-04-11,Fox,Sanders,6
2020-04-11,NBC,Sanders,0
2020-04-11,NewYorkTimes,Sanders,0
2020-04-11,Politico,Sanders,2
2020-04-11,WashingtonTimes,Sanders,0
2020-04-12,AP,Sanders,9
2020-04-12,Breitbart,Sanders,1
2020-04-12,Fox,Sanders,48
2020-04-12,NBC,Sanders,45
2020-04-12,NewYorkTimes,Sanders,24
2020-04-12,Politico,Sanders,4
2020-04-12,WashingtonTimes,Sanders,18
2020-04-13,AP,Sanders,77
2020-04-13,Breitbart,Sanders,43
2020-04-13,Buzzfeed,Sanders,48
2020-04-13,Fox,Sanders,184
2020-04-13,NBC,Sanders,138
2020-04-13,NewYorkTimes,Sanders,136
2020-04-13,Politico,Sanders,150
2020-04-13,WashingtonTimes,Sanders,45
2020-04-14,AP,Sanders,56
2020-04-14,Breitbart,Sanders,11
2020-04-14,Buzzfeed,Sanders,27
2020-04-14,Fox,Sanders,44
2020-04-14,NBC,Sanders,108
2020-04-14,NewYorkTimes,Sanders,108
2020-04-14,Politico,Sanders,18
2020-04-14,WashingtonTimes,Sanders,3
2020-04-15,AP,Sanders,35
2020-04-15,Breitbart,Sanders,19
2020-04-15,Buzzfeed,Sanders,0
2020-04-15,Fox,Sanders,102
2020-04-15,NBC,Sanders,126
2020-04-15,NewYorkTimes,Sanders,36
2020-04-15,Politico,Sanders,274
2020-04-15,WashingtonTimes,Sanders,15
2020-04-16,AP,Sanders,0
2020-04-16,Breitbart,Sanders,5
2020-04-16,Buzzfeed,Sanders,0
2020-04-16,Fox,Sanders,40
2020-04-16,NBC,Sanders,15
2020-04-16,Politico,Sanders,76
2020-04-16,WashingtonTimes,Sanders,9
2020-04-17,AP,Sanders,0
2020-04-17,Breitbart,Sanders,6
2020-04-17,Buzzfeed,Sanders,0
2020-04-17,Fox,Sanders,23
2020-04-17,NBC,Sanders,3
2020-04-17,Politico,Sanders,2
2020-04-17,WashingtonTimes,Sanders,0
2020-04-18,Breitbart,Sanders,8
2020-04-18,Fox,Sanders,2
2020-04-18,NBC,Sanders,0
2020-04-18,Politico,Sanders,0
2020-04-18,WashingtonTimes,Sanders,0
2020-04-19,Breitbart,Sanders,0
2020-04-19,Fox,Sanders,0
2020-03-01,NewYorkTimes,Biden,0
2020-03-02,Buzzfeed,Biden,220
2020-03-02,NewYorkTimes,Biden,0
2020-03-03,Buzzfeed,Biden,580
2020-03-04,Buzzfeed,Biden,590
2020-03-04,Fox,Biden,273
2020-03-05,Buzzfeed,Biden,180
2020-03-05,Fox,Biden,49
2020-03-06,AP,Biden,186
2020-03-06,Breitbart,Biden,56
2020-03-06,Buzzfeed,Biden,0
2020-03-06,Fox,Biden,21
2020-03-06,NewYorkTimes,Biden,217
2020-03-07,AP,Biden,456
2020-03-07,Breitbart,Biden,96
2020-03-07,Buzzfeed,Biden,210
2020-03-07,Fox,Biden,77
2020-03-07,NBC,Biden,423
2020-03-07,NewYorkTimes,Biden,21
2020-03-08,AP,Biden,258
2020-03-08,Breitbart,Biden,50
2020-03-08,Fox,Biden,504
2020-03-08,NBC,Biden,162
2020-03-08,NewYorkTimes,Biden,567
2020-03-09,AP,Biden,540
2020-03-09,Breitbart,Biden,88
2020-03-09,Buzzfeed,Biden,510
2020-03-09,Fox,Biden,819
2020-03-09,NBC,Biden,522
2020-03-09,NewYorkTimes,Biden,301
2020-03-10,AP,Biden,930
2020-03-10,Buzzfeed,Biden,610
2020-03-10,Fox,Biden,476
2020-03-10,NBC,Biden,684
2020-03-10,NewYorkTimes,Biden,0
2020-03-11,AP,Biden,654
2020-03-11,Buzzfeed,Biden,160
2020-03-11,Fox,Biden,259
2020-03-11,NBC,Biden,1305
2020-03-12,AP,Biden,606
2020-03-12,Breitbart,Biden,142
2020-03-12,Buzzfeed,Biden,190
2020-03-12,Fox,Biden,413
2020-03-12,NBC,Biden,423
2020-03-12,NewYorkTimes,Biden,63
2020-03-13,AP,Biden,174
2020-03-13,Breitbart,Biden,64
2020-03-13,Buzzfeed,Biden,80
2020-03-13,Fox,Biden,343
2020-03-13,NBC,Biden,342
2020-03-13,NewYorkTimes,Biden,343
2020-03-13,Politico,Biden,35
2020-03-13,WashingtonTimes,Biden,162
2020-03-14,AP,Biden,204
2020-03-14,Breitbart,Biden,64
2020-03-14,Buzzfeed,Biden,200
2020-03-14,Fox,Biden,378
2020-03-14,NBC,Biden,261
2020-03-14,NewYorkTimes,Biden,350
2020-03-14,Politico,Biden,707
2020-03-14,WashingtonTimes,Biden,0
2020-03-15,AP,Biden,396
2020-03-15,Breitbart,Biden,52
2020-03-15,Buzzfeed,Biden,460
2020-03-15,Fox,Biden,252
2020-03-15,NBC,Biden,954
2020-03-15,NewYorkTimes,Biden,1449
2020-03-15,Politico,Biden,357
2020-03-15,WashingtonTimes,Biden,783
2020-03-16,AP,Biden,1056
2020-03-16,Breitbart,Biden,96
2020-03-16,Buzzfeed,Biden,40
2020-03-16,Fox,Biden,756
2020-03-16,NBC,Biden,1494
2020-03-16,NewYorkTimes,Biden,280
2020-03-16,Politico,Biden,308
2020-03-16,WashingtonTimes,Biden,216
2020-03-17,AP,Biden,1212
2020-03-17,Breitbart,Biden,156
2020-03-17,Buzzfeed,Biden,70
2020-03-17,Fox,Biden,771
2020-03-17,NBC,Biden,432
2020-03-17,NewYorkTimes,Biden,525
2020-03-17,Politico,Biden,581
2020-03-17,WashingtonTimes,Biden,423
2020-03-18,AP,Biden,744
2020-03-18,Breitbart,Biden,70
2020-03-18,Buzzfeed,Biden,10
2020-03-18,Fox,Biden,497
2020-03-18,NBC,Biden,602
2020-03-18,NewYorkTimes,Biden,217
2020-03-18,Politico,Biden,28
2020-03-18,WashingtonTimes,Biden,243
2020-03-19,AP,Biden,156
2020-03-19,Breitbart,Biden,74
2020-03-19,Buzzfeed,Biden,40
2020-03-19,Fox,Biden,315
2020-03-19,NBC,Biden,36
2020-03-19,NewYorkTimes,Biden,161
2020-03-19,Politico,Biden,665
2020-03-19,WashingtonTimes,Biden,261
2020-03-20,AP,Biden,228
2020-03-20,Breitbart,Biden,74
2020-03-20,Buzzfeed,Biden,16
2020-03-20,Fox,Biden,266
2020-03-20,NBC,Biden,387
2020-03-20,NewYorkTimes,Biden,7
2020-03-20,Politico,Biden,336
2020-03-20,WashingtonTimes,Biden,16
2020-03-21,AP,Biden,0
2020-03-21,Breitbart,Biden,0
2020-03-21,Buzzfeed,Biden,0
2020-03-21,Fox,Biden,7
2020-03-21,NBC,Biden,336
2020-03-21,NewYorkTimes,Biden,140
2020-03-21,Politico,Biden,805
2020-03-21,WashingtonTimes,Biden,72
2020-03-22,AP,Biden,6
2020-03-22,Breitbart,Biden,12
2020-03-22,Fox,Biden,424
2020-03-22,NBC,Biden,14
2020-03-22,NewYorkTimes,Biden,162
2020-03-22,Politico,Biden,395
2020-03-22,WashingtonTimes,Biden,77
2020-03-23,AP,Biden,80
2020-03-23,Breitbart,Biden,9
2020-03-23,Buzzfeed,Biden,0
2020-03-23,Fox,Biden,528
2020-03-23,NBC,Biden,476
2020-03-23,NewYorkTimes,Biden,312
2020-03-23,Politico,Biden,342
2020-03-23,WashingtonTimes,Biden,182
2020-03-24,AP,Biden,35
2020-03-24,Breitbart,Biden,32
2020-03-24,Buzzfeed,Biden,0
2020-03-24,Fox,Biden,678
2020-03-24,NBC,Biden,280
2020-03-24,NewYorkTimes,Biden,54
2020-03-24,Politico,Biden,282
2020-03-24,WashingtonTimes,Biden,35
2020-03-25,AP,Biden,260
2020-03-25,Breitbart,Biden,26
2020-03-25,Buzzfeed,Biden,0
2020-03-25,Fox,Biden,817
2020-03-25,NBC,Biden,69
2020-03-25,NewYorkTimes,Biden,84
2020-03-25,Politico,Biden,480
2020-03-25,WashingtonTimes,Biden,189
2020-03-26,AP,Biden,14
2020-03-26,Breitbart,Biden,41
2020-03-26,Fox,Biden,200
2020-03-26,NBC,Biden,324
2020-03-26,NewYorkTimes,Biden,20
2020-03-26,Politico,Biden,42
2020-03-26,WashingtonTimes,Biden,324
2020-03-27,AP,Biden,0
2020-03-27,Breitbart,Biden,52
2020-03-27,Buzzfeed,Biden,0
2020-03-27,Fox,Biden,308
2020-03-27,NBC,Biden,6
2020-03-27,NewYorkTimes,Biden,125
2020-03-27,Politico,Biden,240
2020-03-27,WashingtonTimes,Biden,30
2020-03-28,AP,Biden,10
2020-03-28,Breitbart,Biden,10
2020-03-28,Buzzfeed,Biden,0
2020-03-28,Fox,Biden,0
2020-03-28,NBC,Biden,60
2020-03-28,NewYorkTimes,Biden,0
2020-03-28,Politico,Biden,185
2020-03-28,WashingtonTimes,Biden,0
2020-03-29,AP,Biden,54
2020-03-29,Breitbart,Biden,10
2020-03-29,Buzzfeed,Biden,0
2020-03-29,Fox,Biden,168
2020-03-29,NBC,Biden,40
2020-03-29,NewYorkTimes,Biden,28
2020-03-29,Politico,Biden,24
2020-03-29,WashingtonTimes,Biden,35
2020-03-30,AP,Biden,39
2020-03-30,Breitbart,Biden,40
2020-03-30,Buzzfeed,Biden,0
2020-03-30,Fox,Biden,308
2020-03-30,NBC,Biden,280
2020-03-30,NewYorkTimes,Biden,316
2020-03-30,Politico,Biden,68
2020-03-30,WashingtonTimes,Biden,110
2020-03-31,AP,Biden,9
2020-03-31,Breitbart,Biden,35
2020-03-31,Buzzfeed,Biden,0
2020-03-31,Fox,Biden,194
2020-03-31,NBC,Biden,80
2020-03-31,NewYorkTimes,Biden,144
2020-03-31,Politico,Biden,68
2020-03-31,WashingtonTimes,Biden,70
2020-04-01,AP,Biden,153
2020-04-01,Breitbart,Biden,17
2020-04-01,Buzzfeed,Biden,205
2020-04-01,Fox,Biden,396
2020-04-01,NBC,Biden,100
2020-04-01,NewYorkTimes,Biden,100
2020-04-01,Politico,Biden,152
2020-04-01,WashingtonTimes,Biden,130
2020-04-02,AP,Biden,84
2020-04-02,Breitbart,Biden,18
2020-04-02,Fox,Biden,308
2020-04-02,NBC,Biden,399
2020-04-02,NewYorkTimes,Biden,372
2020-04-02,Politico,Biden,208
2020-04-02,WashingtonTimes,Biden,95
2020-04-03,AP,Biden,72
2020-04-03,Breitbart,Biden,19
2020-04-03,Buzzfeed,Biden,4
2020-04-03,Fox,Biden,308
2020-04-03,NBC,Biden,39
2020-04-03,NewYorkTimes,Biden,0
2020-04-03,Politico,Biden,429
2020-04-03,WashingtonTimes,Biden,175
2020-04-04,AP,Biden,27
2020-04-04,Breitbart,Biden,7
2020-04-04,Buzzfeed,Biden,6
2020-04-04,Fox,Biden,58
2020-04-04,NBC,Biden,85
2020-04-04,NewYorkTimes,Biden,20
2020-04-04,Politico,Biden,8
2020-04-04,WashingtonTimes,Biden,27
2020-04-05,AP,Biden,11
2020-04-05,Breitbart,Biden,31
2020-04-05,Fox,Biden,18
2020-04-05,NBC,Biden,69
2020-04-05,NewYorkTimes,Biden,8
2020-04-05,Politico,Biden,90
2020-04-05,WashingtonTimes,Biden,63
2020-04-06,AP,Biden,26
2020-04-06,Breitbart,Biden,57
2020-04-06,Buzzfeed,Biden,0
2020-04-06,Fox,Biden,212
2020-04-06,NBC,Biden,90
2020-04-06,NewYorkTimes,Biden,40
2020-04-06,Politico,Biden,124
2020-04-06,WashingtonTimes,Biden,141
2020-04-07,AP,Biden,44
2020-04-07,Breitbart,Biden,10
2020-04-07,Fox,Biden,74
2020-04-07,NBC,Biden,51
2020-04-07,NewYorkTimes,Biden,76
2020-04-07,Politico,Biden,84
2020-04-07,WashingtonTimes,Biden,114
2020-04-08,AP,Biden,103
2020-04-08,Breitbart,Biden,87
2020-04-08,Buzzfeed,Biden,189
2020-04-08,Fox,Biden,354
2020-04-08,NBC,Biden,321
2020-04-08,NewYorkTimes,Biden,174
2020-04-08,Politico,Biden,158
2020-04-08,WashingtonTimes,Biden,99
2020-04-09,AP,Biden,122
2020-04-09,Breitbart,Biden,34
2020-04-09,Buzzfeed,Biden,36
2020-04-09,Fox,Biden,524
2020-04-09,NBC,Biden,249
2020-04-09,NewYorkTimes,Biden,80
2020-04-09,Politico,Biden,174
2020-04-09,WashingtonTimes,Biden,150
2020-04-10,AP,Biden,94
2020-04-10,Breitbart,Biden,4
2020-04-10,Fox,Biden,107
2020-04-10,NBC,Biden,126
2020-04-10,NewYorkTimes,Biden,66
2020-04-10,Politico,Biden,70
2020-04-10,WashingtonTimes,Biden,69
2020-04-11,AP,Biden,0
2020-04-11,Breitbart,Biden,10
2020-04-11,Buzzfeed,Biden,6
2020-04-11,Fox,Biden,22
2020-04-11,NBC,Biden,0
2020-04-11,NewYorkTimes,Biden,184
2020-04-11,Politico,Biden,4
2020-04-11,WashingtonTimes,Biden,3
2020-04-12,AP,Biden,4
2020-04-12,Breitbart,Biden,52
2020-04-12,Fox,Biden,188
2020-04-12,NBC,Biden,57
2020-04-12,NewYorkTimes,Biden,252
2020-04-12,Politico,Biden,28
2020-04-12,WashingtonTimes,Biden,96
2020-04-13,AP,Biden,181
2020-04-13,Breitbart,Biden,57
2020-04-13,Buzzfeed,Biden,45
2020-04-13,Fox,Biden,326
2020-04-13,NBC,Biden,291
2020-04-13,NewYorkTimes,Biden,156
2020-04-13,Politico,Biden,162
2020-04-13,WashingtonTimes,Biden,45
2020-04-14,AP,Biden,87
2020-04-14,Breitbart,Biden,45
2020-04-14,Buzzfeed,Biden,27
2020-04-14,Fox,Biden,138
2020-04-14,NBC,Biden,360
2020-04-14,NewYorkTimes,Biden,92
2020-04-14,Politico,Biden,134
2020-04-14,WashingtonTimes,Biden,21
2020-04-15,AP,Biden,88
2020-04-15,Breitbart,Biden,39
2020-04-15,Buzzfeed,Biden,3
2020-04-15,Fox,Biden,396
2020-04-15,NBC,Biden,60
2020-04-15,NewYorkTimes,Biden,112
2020-04-15,Politico,Biden,356
2020-04-15,WashingtonTimes,Biden,135
2020-04-16,AP,Biden,23
2020-04-16,Breitbart,Biden,59
2020-04-16,Buzzfeed,Biden,0
2020-04-16,Fox,Biden,304
2020-04-16,NBC,Biden,66
2020-04-16,Politico,Biden,131
2020-04-16,WashingtonTimes,Biden,117
2020-04-17,AP,Biden,8
2020-04-17,Breitbart,Biden,64
2020-04-17,Buzzfeed,Biden,4
2020-04-17,Fox,Biden,115
2020-04-17,NBC,Biden,42
2020-04-17,Politico,Biden,43
2020-04-17,WashingtonTimes,Biden,24
2020-04-18,Breitbart,Biden,4
2020-04-18,Fox,Biden,15
2020-04-18,NBC,Biden,64
2020-04-18,Politico,Biden,4
2020-04-18,WashingtonTimes,Biden,8
2020-04-19,Breitbart,Biden,14
2020-04-19,Fox,Biden,0
2020-03-01,NewYorkTimes,Warren,0
2020-03-02,Buzzfeed,Warren,60
2020-03-02,NewYorkTimes,Warren,0
2020-03-03,Buzzfeed,Warren,650
2020-03-04,Buzzfeed,Warren,50
2020-03-04,Fox,Warren,70
2020-03-05,Buzzfeed,Warren,400
2020-03-05,Fox,Warren,70
2020-03-06,AP,Warren,12
2020-03-06,Breitbart,Warren,16
2020-03-06,Buzzfeed,Warren,0
2020-03-06,Fox,Warren,0
2020-03-06,NewYorkTimes,Warren,7
2020-03-07,AP,Warren,12
2020-03-07,Breitbart,Warren,16
2020-03-07,Buzzfeed,Warren,0
2020-03-07,Fox,Warren,0
2020-03-07,NBC,Warren,9
2020-03-07,NewYorkTimes,Warren,14
2020-03-08,AP,Warren,24
2020-03-08,Breitbart,Warren,0
2020-03-08,Fox,Warren,0
2020-03-08,NBC,Warren,18
2020-03-08,NewYorkTimes,Warren,14
2020-03-09,AP,Warren,84
2020-03-09,Breitbart,Warren,10
2020-03-09,Buzzfeed,Warren,130
2020-03-09,Fox,Warren,77
2020-03-09,NBC,Warren,117
2020-03-09,NewYorkTimes,Warren,49
2020-03-10,AP,Warren,40
2020-03-10,Buzzfeed,Warren,10
2020-03-10,Fox,Warren,35
2020-03-10,NBC,Warren,63
2020-03-10,NewYorkTimes,Warren,0
2020-03-11,AP,Warren,6
2020-03-11,Buzzfeed,Warren,110
2020-03-11,Fox,Warren,14
2020-03-11,NBC,Warren,36
2020-03-12,AP,Warren,0
2020-03-12,Breitbart,Warren,2
2020-03-12,Buzzfeed,Warren,10
2020-03-12,Fox,Warren,14
2020-03-12,NBC,Warren,18
2020-03-12,NewYorkTimes,Warren,0
2020-03-13,AP,Warren,30
2020-03-13,Breitbart,Warren,0
2020-03-13,Buzzfeed,Warren,0
2020-03-13,Fox,Warren,0
2020-03-13,NBC,Warren,0
2020-03-13,NewYorkTimes,Warren,7
2020-03-13,Politico,Warren,7
2020-03-13,WashingtonTimes,Warren,18
2020-03-14,AP,Warren,0
2020-03-14,Breitbart,Warren,2
2020-03-14,Buzzfeed,Warren,40
2020-03-14,Fox,Warren,0
2020-03-14,NBC,Warren,0
2020-03-14,NewYorkTimes,Warren,63
2020-03-14,Politico,Warren,49
2020-03-14,WashingtonTimes,Warren,0
2020-03-15,AP,Warren,48
2020-03-15,Breitbart,Warren,2
2020-03-15,Buzzfeed,Warren,20
2020-03-15,Fox,Warren,28
2020-03-15,NBC,Warren,99
2020-03-15,NewYorkTimes,Warren,28
2020-03-15,Politico,Warren,28
2020-03-15,WashingtonTimes,Warren,54
2020-03-16,AP,Warren,12
2020-03-16,Breitbart,Warren,40
2020-03-16,Buzzfeed,Warren,0
2020-03-16,Fox,Warren,56
2020-03-16,NBC,Warren,63
2020-03-16,NewYorkTimes,Warren,28
2020-03-16,Politico,Warren,21
2020-03-16,WashingtonTimes,Warren,0
2020-03-17,AP,Warren,0
2020-03-17,Breitbart,Warren,6
2020-03-17,Buzzfeed,Warren,0
2020-03-17,Fox,Warren,16
2020-03-17,NBC,Warren,0
2020-03-17,NewYorkTimes,Warren,7
2020-03-17,Politico,Warren,49
2020-03-17,WashingtonTimes,Warren,0
2020-03-18,AP,Warren,0
2020-03-18,Breitbart,Warren,10
2020-03-18,Buzzfeed,Warren,0
2020-03-18,Fox,Warren,0
2020-03-18,NBC,Warren,99
2020-03-18,NewYorkTimes,Warren,21
2020-03-18,Politico,Warren,21
2020-03-18,WashingtonTimes,Warren,45
2020-03-19,AP,Warren,0
2020-03-19,Breitbart,Warren,4
2020-03-19,Buzzfeed,Warren,0
2020-03-19,Fox,Warren,42
2020-03-19,NBC,Warren,0
2020-03-19,NewYorkTimes,Warren,49
2020-03-19,Politico,Warren,0
2020-03-19,WashingtonTimes,Warren,18
2020-03-20,AP,Warren,0
2020-03-20,Breitbart,Warren,0
2020-03-20,Buzzfeed,Warren,0
2020-03-20,Fox,Warren,21
2020-03-20,NBC,Warren,88
2020-03-20,NewYorkTimes,Warren,0
2020-03-20,Politico,Warren,84
2020-03-20,WashingtonTimes,Warren,0
2020-03-21,AP,Warren,0
2020-03-21,Breitbart,Warren,24
2020-03-21,Buzzfeed,Warren,0
2020-03-21,Fox,Warren,42
2020-03-21,NBC,Warren,16
2020-03-21,NewYorkTimes,Warren,35
2020-03-21,Politico,Warren,0
2020-03-21,WashingtonTimes,Warren,0
2020-03-22,AP,Warren,10
2020-03-22,Breitbart,Warren,6
2020-03-22,Fox,Warren,13
2020-03-22,NBC,Warren,21
2020-03-22,NewYorkTimes,Warren,0
2020-03-22,Politico,Warren,76
2020-03-22,WashingtonTimes,Warren,22
2020-03-23,AP,Warren,65
2020-03-23,Breitbart,Warren,0
2020-03-23,Buzzfeed,Warren,0
2020-03-23,Fox,Warren,18
2020-03-23,NBC,Warren,42
2020-03-23,NewYorkTimes,Warren,6
2020-03-23,Politico,Warren,12
2020-03-23,WashingtonTimes,Warren,7
2020-03-24,AP,Warren,0
2020-03-24,Breitbart,Warren,0
2020-03-24,Buzzfeed,Warren,0
2020-03-24,Fox,Warren,18
2020-03-24,NBC,Warren,42
2020-03-24,NewYorkTimes,Warren,0
2020-03-24,Politico,Warren,6
2020-03-24,WashingtonTimes,Warren,7
2020-03-25,AP,Warren,0
2020-03-25,Breitbart,Warren,1
2020-03-25,Buzzfeed,Warren,0
2020-03-25,Fox,Warren,22
2020-03-25,NBC,Warren,14
2020-03-25,NewYorkTimes,Warren,0
2020-03-25,Politico,Warren,12
2020-03-25,WashingtonTimes,Warren,14
2020-03-26,AP,Warren,0
2020-03-26,Breitbart,Warren,1
2020-03-26,Fox,Warren,0
2020-03-26,NBC,Warren,0
2020-03-26,NewYorkTimes,Warren,5
2020-03-26,Politico,Warren,0
2020-03-26,WashingtonTimes,Warren,18
2020-03-27,AP,Warren,0
2020-03-27,Breitbart,Warren,2
2020-03-27,Buzzfeed,Warren,0
2020-03-27,Fox,Warren,25
2020-03-27,NBC,Warren,0
2020-03-27,NewYorkTimes,Warren,10
2020-03-27,Politico,Warren,14
2020-03-27,WashingtonTimes,Warren,0
2020-03-28,AP,Warren,0
2020-03-28,Breitbart,Warren,0
2020-03-28,Buzzfeed,Warren,0
2020-03-28,Fox,Warren,0
2020-03-28,NBC,Warren,0
2020-03-28,NewYorkTimes,Warren,0
2020-03-28,Politico,Warren,43
2020-03-28,WashingtonTimes,Warren,0
2020-03-29,AP,Warren,0
2020-03-29,Breitbart,Warren,1
2020-03-29,Buzzfeed,Warren,0
2020-03-29,Fox,Warren,0
2020-03-29,NBC,Warren,0
2020-03-29,NewYorkTimes,Warren,0
2020-03-29,Politico,Warren,0
2020-03-29,WashingtonTimes,Warren,10
2020-03-30,AP,Warren,6
2020-03-30,Breitbart,Warren,2
2020-03-30,Buzzfeed,Warren,0
2020-03-30,Fox,Warren,16
2020-03-30,NBC,Warren,0
2020-03-30,NewYorkTimes,Warren,16
2020-03-30,Politico,Warren,20
2020-03-30,WashingtonTimes,Warren,10
2020-03-31,AP,Warren,0
2020-03-31,Breitbart,Warren,0
2020-03-31,Buzzfeed,Warren,0
2020-03-31,Fox,Warren,0
2020-03-31,NBC,Warren,0
2020-03-31,NewYorkTimes,Warren,0
2020-03-31,Politico,Warren,48
2020-03-31,WashingtonTimes,Warren,0
2020-04-01,AP,Warren,0
2020-04-01,Breitbart,Warren,2
2020-04-01,Buzzfeed,Warren,0
2020-04-01,Fox,Warren,4
2020-04-01,NBC,Warren,10
2020-04-01,NewYorkTimes,Warren,36
2020-04-01,Politico,Warren,28
2020-04-01,WashingtonTimes,Warren,5
2020-04-02,AP,Warren,0
2020-04-02,Breitbart,Warren,0
2020-04-02,Fox,Warren,0
2020-04-02,NBC,Warren,5
2020-04-02,NewYorkTimes,Warren,8
2020-04-02,Politico,Warren,16
2020-04-02,WashingtonTimes,Warren,20
2020-04-03,AP,Warren,4
2020-04-03,Breitbart,Warren,4
2020-04-03,Buzzfeed,Warren,0
2020-04-03,Fox,Warren,14
2020-04-03,NBC,Warren,10
2020-04-03,NewYorkTimes,Warren,0
2020-04-03,Politico,Warren,12
2020-04-03,WashingtonTimes,Warren,0
2020-04-04,AP,Warren,0
2020-04-04,Breitbart,Warren,4
2020-04-04,Buzzfeed,Warren,0
2020-04-04,Fox,Warren,0
2020-04-04,NBC,Warren,6
2020-04-04,NewYorkTimes,Warren,0
2020-04-04,Politico,Warren,0
2020-04-04,WashingtonTimes,Warren,0
2020-04-05,AP,Warren,0
2020-04-05,Breitbart,Warren,0
2020-04-05,Fox,Warren,0
2020-04-05,NBC,Warren,0
2020-04-05,NewYorkTimes,Warren,4
2020-04-05,Politico,Warren,4
2020-04-05,WashingtonTimes,Warren,0
2020-04-06,AP,Warren,1
2020-04-06,Breitbart,Warren,1
2020-04-06,Buzzfeed,Warren,0
2020-04-06,Fox,Warren,0
2020-04-06,NBC,Warren,12
2020-04-06,NewYorkTimes,Warren,0
2020-04-06,Politico,Warren,34
2020-04-06,WashingtonTimes,Warren,0
2020-04-07,AP,Warren,0
2020-04-07,Breitbart,Warren,0
2020-04-07,Fox,Warren,0
2020-04-07,NBC,Warren,3
2020-04-07,NewYorkTimes,Warren,0
2020-04-07,Politico,Warren,6
2020-04-07,WashingtonTimes,Warren,3
2020-04-08,AP,Warren,27
2020-04-08,Breitbart,Warren,17
2020-04-08,Buzzfeed,Warren,3
2020-04-08,Fox,Warren,54
2020-04-08,NBC,Warren,69
2020-04-08,NewYorkTimes,Warren,4
2020-04-08,Politico,Warren,20
2020-04-08,WashingtonTimes,Warren,30
2020-04-09,AP,Warren,8
2020-04-09,Breitbart,Warren,2
2020-04-09,Buzzfeed,Warren,0
2020-04-09,Fox,Warren,36
2020-04-09,NBC,Warren,57
2020-04-09,NewYorkTimes,Warren,8
2020-04-09,Politico,Warren,2
2020-04-09,WashingtonTimes,Warren,21
2020-04-10,AP,Warren,6
2020-04-10,Breitbart,Warren,5
2020-04-10,Fox,Warren,0
2020-04-10,NBC,Warren,12
2020-04-10,NewYorkTimes,Warren,0
2020-04-10,Politico,Warren,16
2020-04-10,WashingtonTimes,Warren,3
2020-04-11,AP,Warren,0
2020-04-11,Breitbart,Warren,0
2020-04-11,Buzzfeed,Warren,0
2020-04-11,Fox,Warren,2
2020-04-11,NBC,Warren,0
2020-04-11,NewYorkTimes,Warren,0
2020-04-11,Politico,Warren,2
2020-04-11,WashingtonTimes,Warren,0
2020-04-12,AP,Warren,1
2020-04-12,Breitbart,Warren,0
2020-04-12,Fox,Warren,2
2020-04-12,NBC,Warren,0
2020-04-12,NewYorkTimes,Warren,6
2020-04-12,Politico,Warren,0
2020-04-12,WashingtonTimes,Warren,9
2020-04-13,AP,Warren,9
2020-04-13,Breitbart,Warren,2
2020-04-13,Buzzfeed,Warren,0
2020-04-13,Fox,Warren,6
2020-04-13,NBC,Warren,12
2020-04-13,NewYorkTimes,Warren,6
2020-04-13,Politico,Warren,4
2020-04-13,WashingtonTimes,Warren,0
2020-04-14,AP,Warren,10
2020-04-14,Breitbart,Warren,0
2020-04-14,Buzzfeed,Warren,6
2020-04-14,Fox,Warren,0
2020-04-14,NBC,Warren,15
2020-04-14,NewYorkTimes,Warren,2
2020-04-14,Politico,Warren,18
2020-04-14,WashingtonTimes,Warren,3
2020-04-15,AP,Warren,44
2020-04-15,Breitbart,Warren,5
2020-04-15,Buzzfeed,Warren,3
2020-04-15,Fox,Warren,56
2020-04-15,NBC,Warren,3
2020-04-15,NewYorkTimes,Warren,64
2020-04-15,Politico,Warren,188
2020-04-15,WashingtonTimes,Warren,24
2020-04-16,AP,Warren,11
2020-04-16,Breitbart,Warren,2
2020-04-16,Buzzfeed,Warren,0
2020-04-16,Fox,Warren,20
2020-04-16,NBC,Warren,33
2020-04-16,Politico,Warren,72
2020-04-16,WashingtonTimes,Warren,18
2020-04-17,AP,Warren,0
2020-04-17,Breitbart,Warren,2
2020-04-17,Buzzfeed,Warren,0
2020-04-17,Fox,Warren,15
2020-04-17,NBC,Warren,0
2020-04-17,Politico,Warren,6
2020-04-17,WashingtonTimes,Warren,4
2020-04-18,Breitbart,Warren,0
2020-04-18,Fox,Warren,0
2020-04-18,NBC,Warren,0
2020-04-18,Politico,Warren,0
2020-04-18,WashingtonTimes,Warren,16
2020-04-19,Breitbart,Warren,0
2020-04-19,Fox,Warren,0
2020-03-01,NewYorkTimes,Buttigieg,0
2020-03-02,Buzzfeed,Buttigieg,120
2020-03-02,NewYorkTimes,Buttigieg,0
2020-03-03,Buzzfeed,Buttigieg,250
2020-03-04,Buzzfeed,Buttigieg,60
2020-03-04,Fox,Buttigieg,14
2020-03-05,Buzzfeed,Buttigieg,30
2020-03-05,Fox,Buttigieg,7
2020-03-06,AP,Buttigieg,84
2020-03-06,Breitbart,Buttigieg,4
2020-03-06,Buzzfeed,Buttigieg,0
2020-03-06,Fox,Buttigieg,0
2020-03-06,NewYorkTimes,Buttigieg,7
2020-03-07,AP,Buttigieg,6
2020-03-07,Breitbart,Buttigieg,0
2020-03-07,Buzzfeed,Buttigieg,0
2020-03-07,Fox,Buttigieg,0
2020-03-07,NBC,Buttigieg,9
2020-03-07,NewYorkTimes,Buttigieg,133
2020-03-08,AP,Buttigieg,6
2020-03-08,Breitbart,Buttigieg,0
2020-03-08,Fox,Buttigieg,7
2020-03-08,NBC,Buttigieg,9
2020-03-08,NewYorkTimes,Buttigieg,35
2020-03-09,AP,Buttigieg,6
2020-03-09,Breitbart,Buttigieg,4
2020-03-09,Buzzfeed,Buttigieg,0
2020-03-09,Fox,Buttigieg,35
2020-03-09,NBC,Buttigieg,27
2020-03-09,NewYorkTimes,Buttigieg,14
2020-03-10,AP,Buttigieg,0
2020-03-10,Buzzfeed,Buttigieg,0
2020-03-10,Fox,Buttigieg,35
2020-03-10,NBC,Buttigieg,9
2020-03-10,NewYorkTimes,Buttigieg,0
2020-03-11,AP,Buttigieg,0
2020-03-11,Buzzfeed,Buttigieg,20
2020-03-11,Fox,Buttigieg,0
2020-03-11,NBC,Buttigieg,36
2020-03-12,AP,Buttigieg,0
2020-03-12,Breitbart,Buttigieg,2
2020-03-12,Buzzfeed,Buttigieg,0
2020-03-12,Fox,Buttigieg,0
2020-03-12,NBC,Buttigieg,0
2020-03-12,NewYorkTimes,Buttigieg,0
2020-03-13,AP,Buttigieg,0
2020-03-13,Breitbart,Buttigieg,4
2020-03-13,Buzzfeed,Buttigieg,0
2020-03-13,Fox,Buttigieg,7
2020-03-13,NBC,Buttigieg,0
2020-03-13,NewYorkTimes,Buttigieg,0
2020-03-13,Politico,Buttigieg,0
2020-03-13,WashingtonTimes,Buttigieg,0
2020-03-14,AP,Buttigieg,0
2020-03-14,Breitbart,Buttigieg,2
2020-03-14,Buzzfeed,Buttigieg,0
2020-03-14,Fox,Buttigieg,0
2020-03-14,NBC,Buttigieg,0
2020-03-14,NewYorkTimes,Buttigieg,0
2020-03-14,Politico,Buttigieg,0
2020-03-14,WashingtonTimes,Buttigieg,0
2020-03-15,AP,Buttigieg,12
2020-03-15,Breitbart,Buttigieg,0
2020-03-15,Buzzfeed,Buttigieg,0
2020-03-15,Fox,Buttigieg,14
2020-03-15,NBC,Buttigieg,27
2020-03-15,NewYorkTimes,Buttigieg,0
2020-03-15,Politico,Buttigieg,0
2020-03-15,WashingtonTimes,Buttigieg,18
2020-03-16,AP,Buttigieg,0
2020-03-16,Breitbart,Buttigieg,4
2020-03-16,Buzzfeed,Buttigieg,0
2020-03-16,Fox,Buttigieg,0
2020-03-16,NBC,Buttigieg,27
2020-03-16,NewYorkTimes,Buttigieg,0
2020-03-16,Politico,Buttigieg,14
2020-03-16,WashingtonTimes,Buttigieg,0
2020-03-17,AP,Buttigieg,0
2020-03-17,Breitbart,Buttigieg,0
2020-03-17,Buzzfeed,Buttigieg,0
2020-03-17,Fox,Buttigieg,0
2020-03-17,NBC,Buttigieg,0
2020-03-17,NewYorkTimes,Buttigieg,0
2020-03-17,Politico,Buttigieg,21
2020-03-17,WashingtonTimes,Buttigieg,0
2020-03-18,AP,Buttigieg,0
2020-03-18,Breitbart,Buttigieg,0
2020-03-18,Buzzfeed,Buttigieg,0
2020-03-18,Fox,Buttigieg,7
2020-03-18,NBC,Buttigieg,9
2020-03-18,NewYorkTimes,Buttigieg,0
2020-03-18,Politico,Buttigieg,0
2020-03-18,WashingtonTimes,Buttigieg,0
2020-03-19,AP,Buttigieg,0
2020-03-19,Breitbart,Buttigieg,0
2020-03-19,Buzzfeed,Buttigieg,10
2020-03-19,Fox,Buttigieg,21
2020-03-19,NBC,Buttigieg,0
2020-03-19,NewYorkTimes,Buttigieg,0
2020-03-19,Politico,Buttigieg,0
2020-03-19,WashingtonTimes,Buttigieg,0
2020-03-20,AP,Buttigieg,0
2020-03-20,Breitbart,Buttigieg,0
2020-03-20,Buzzfeed,Buttigieg,0
2020-03-20,Fox,Buttigieg,0
2020-03-20,NBC,Buttigieg,0
2020-03-20,NewYorkTimes,Buttigieg,0
2020-03-20,Politico,Buttigieg,0
2020-03-20,WashingtonTimes,Buttigieg,0
2020-03-21,AP,Buttigieg,0
2020-03-21,Breitbart,Buttigieg,0
2020-03-21,Buzzfeed,Buttigieg,0
2020-03-21,Fox,Buttigieg,0
2020-03-21,NBC,Buttigieg,0
2020-03-21,NewYorkTimes,Buttigieg,14
2020-03-21,Politico,Buttigieg,0
2020-03-21,WashingtonTimes,Buttigieg,0
2020-03-22,AP,Buttigieg,0
2020-03-22,Breitbart,Buttigieg,0
2020-03-22,Fox,Buttigieg,0
2020-03-22,NBC,Buttigieg,0
2020-03-22,NewYorkTimes,Buttigieg,0
2020-03-22,Politico,Buttigieg,26
2020-03-22,WashingtonTimes,Buttigieg,0
2020-03-23,AP,Buttigieg,0
2020-03-23,Breitbart,Buttigieg,0
2020-03-23,Buzzfeed,Buttigieg,0
2020-03-23,Fox,Buttigieg,0
2020-03-23,NBC,Buttigieg,0
2020-03-23,NewYorkTimes,Buttigieg,0
2020-03-23,Politico,Buttigieg,0
2020-03-23,WashingtonTimes,Buttigieg,0
2020-03-24,AP,Buttigieg,0
2020-03-24,Breitbart,Buttigieg,0
2020-03-24,Buzzfeed,Buttigieg,0
2020-03-24,Fox,Buttigieg,0
2020-03-24,NBC,Buttigieg,0
2020-03-24,NewYorkTimes,Buttigieg,0
2020-03-24,Politico,Buttigieg,0
2020-03-24,WashingtonTimes,Buttigieg,0
2020-03-25,AP,Buttigieg,5
2020-03-25,Breitbart,Buttigieg,0
2020-03-25,Buzzfeed,Buttigieg,0
2020-03-25,Fox,Buttigieg,0
2020-03-25,NBC,Buttigieg,0
2020-03-25,NewYorkTimes,Buttigieg,0
2020-03-25,Politico,Buttigieg,0
2020-03-25,WashingtonTimes,Buttigieg,0
2020-03-26,AP,Buttigieg,0
2020-03-26,Breitbart,Buttigieg,0
2020-03-26,Fox,Buttigieg,0
2020-03-26,NBC,Buttigieg,0
2020-03-26,NewYorkTimes,Buttigieg,0
2020-03-26,Politico,Buttigieg,0
2020-03-26,WashingtonTimes,Buttigieg,0
2020-03-27,AP,Buttigieg,0
2020-03-27,Breitbart,Buttigieg,0
2020-03-27,Buzzfeed,Buttigieg,0
2020-03-27,Fox,Buttigieg,0
2020-03-27,NBC,Buttigieg,0
2020-03-27,NewYorkTimes,Buttigieg,10
2020-03-27,Politico,Buttigieg,0
2020-03-27,WashingtonTimes,Buttigieg,0
2020-03-28,AP,Buttigieg,0
2020-03-28,Breitbart,Buttigieg,0
2020-03-28,Buzzfeed,Buttigieg,0
2020-03-28,Fox,Buttigieg,0
2020-03-28,NBC,Buttigieg,0
2020-03-28,NewYorkTimes,Buttigieg,0
2020-03-28,Politico,Buttigieg,0
2020-03-28,WashingtonTimes,Buttigieg,0
2020-03-29,AP,Buttigieg,0
2020-03-29,Breitbart,Buttigieg,0
2020-03-29,Buzzfeed,Buttigieg,0
2020-03-29,Fox,Buttigieg,0
2020-03-29,NBC,Buttigieg,0
2020-03-29,NewYorkTimes,Buttigieg,0
2020-03-29,Politico,Buttigieg,0
2020-03-29,WashingtonTimes,Buttigieg,0
2020-03-30,AP,Buttigieg,0
2020-03-30,Breitbart,Buttigieg,0
2020-03-30,Buzzfeed,Buttigieg,0
2020-03-30,Fox,Buttigieg,4
2020-03-30,NBC,Buttigieg,0
2020-03-30,NewYorkTimes,Buttigieg,0
2020-03-30,Politico,Buttigieg,0
2020-03-30,WashingtonTimes,Buttigieg,0
2020-03-31,AP,Buttigieg,0
2020-03-31,Breitbart,Buttigieg,0
2020-03-31,Buzzfeed,Buttigieg,0
2020-03-31,Fox,Buttigieg,0
2020-03-31,NBC,Buttigieg,0
2020-03-31,NewYorkTimes,Buttigieg,0
2020-03-31,Politico,Buttigieg,112
2020-03-31,WashingtonTimes,Buttigieg,0
2020-04-01,AP,Buttigieg,0
2020-04-01,Breitbart,Buttigieg,0
2020-04-01,Buzzfeed,Buttigieg,0
2020-04-01,Fox,Buttigieg,0
2020-04-01,NBC,Buttigieg,0
2020-04-01,NewYorkTimes,Buttigieg,28
2020-04-01,Politico,Buttigieg,0
2020-04-01,WashingtonTimes,Buttigieg,0
2020-04-02,AP,Buttigieg,0
2020-04-02,Breitbart,Buttigieg,0
2020-04-02,Fox,Buttigieg,0
2020-04-02,NBC,Buttigieg,0
2020-04-02,NewYorkTimes,Buttigieg,0
2020-04-02,Politico,Buttigieg,0
2020-04-02,WashingtonTimes,Buttigieg,0
2020-04-03,AP,Buttigieg,0
2020-04-03,Breitbart,Buttigieg,0
2020-04-03,Buzzfeed,Buttigieg,0
2020-04-03,Fox,Buttigieg,2
2020-04-03,NBC,Buttigieg,0
2020-04-03,NewYorkTimes,Buttigieg,0
2020-04-03,Politico,Buttigieg,3
2020-04-03,WashingtonTimes,Buttigieg,0
2020-04-04,AP,Buttigieg,0
2020-04-04,Breitbart,Buttigieg,5
2020-04-04,Buzzfeed,Buttigieg,0
2020-04-04,Fox,Buttigieg,0
2020-04-04,NBC,Buttigieg,0
2020-04-04,NewYorkTimes,Buttigieg,0
2020-04-04,Politico,Buttigieg,0
2020-04-04,WashingtonTimes,Buttigieg,0
2020-04-05,AP,Buttigieg,0
2020-04-05,Breitbart,Buttigieg,0
2020-04-05,Fox,Buttigieg,0
2020-04-05,NBC,Buttigieg,0
2020-04-05,NewYorkTimes,Buttigieg,0
2020-04-05,Politico,Buttigieg,0
2020-04-05,WashingtonTimes,Buttigieg,0
2020-04-06,AP,Buttigieg,0
2020-04-06,Breitbart,Buttigieg,0
2020-04-06,Buzzfeed,Buttigieg,0
2020-04-06,Fox,Buttigieg,0
2020-04-06,NBC,Buttigieg,0
2020-04-06,NewYorkTimes,Buttigieg,0
2020-04-06,Politico,Buttigieg,0
2020-04-06,WashingtonTimes,Buttigieg,0
2020-04-07,AP,Buttigieg,0
2020-04-07,Breitbart,Buttigieg,0
2020-04-07,Fox,Buttigieg,0
2020-04-07,NBC,Buttigieg,0
2020-04-07,NewYorkTimes,Buttigieg,0
2020-04-07,Politico,Buttigieg,0
2020-04-07,WashingtonTimes,Buttigieg,0
2020-04-08,AP,Buttigieg,0
2020-04-08,Breitbart,Buttigieg,4
2020-04-08,Buzzfeed,Buttigieg,9
2020-04-08,Fox,Buttigieg,8
2020-04-08,NBC,Buttigieg,12
2020-04-08,NewYorkTimes,Buttigieg,8
2020-04-08,Politico,Buttigieg,0
2020-04-08,WashingtonTimes,Buttigieg,12
2020-04-09,AP,Buttigieg,1
2020-04-09,Breitbart,Buttigieg,2
2020-04-09,Buzzfeed,Buttigieg,3
2020-04-09,Fox,Buttigieg,12
2020-04-09,NBC,Buttigieg,24
2020-04-09,NewYorkTimes,Buttigieg,0
2020-04-09,Politico,Buttigieg,4
2020-04-09,WashingtonTimes,Buttigieg,0
2020-04-10,AP,Buttigieg,0
2020-04-10,Breitbart,Buttigieg,0
2020-04-10,Fox,Buttigieg,0
2020-04-10,NBC,Buttigieg,6
2020-04-10,NewYorkTimes,Buttigieg,0
2020-04-10,Politico,Buttigieg,4
2020-04-10,WashingtonTimes,Buttigieg,0
2020-04-11,AP,Buttigieg,0
2020-04-11,Breitbart,Buttigieg,0
2020-04-11,Buzzfeed,Buttigieg,0
2020-04-11,Fox,Buttigieg,0
2020-04-11,NBC,Buttigieg,0
2020-04-11,NewYorkTimes,Buttigieg,0
2020-04-11,Politico,Buttigieg,0
2020-04-11,WashingtonTimes,Buttigieg,0
2020-04-12,AP,Buttigieg,0
2020-04-12,Breitbart,Buttigieg,0
2020-04-12,Fox,Buttigieg,0
2020-04-12,NBC,Buttigieg,3
2020-04-12,NewYorkTimes,Buttigieg,0
2020-04-12,Politico,Buttigieg,0
2020-04-12,WashingtonTimes,Buttigieg,0
2020-04-13,AP,Buttigieg,0
2020-04-13,Breitbart,Buttigieg,0
2020-04-13,Buzzfeed,Buttigieg,0
2020-04-13,Fox,Buttigieg,0
2020-04-13,NBC,Buttigieg,0
2020-04-13,NewYorkTimes,Buttigieg,0
2020-04-13,Politico,Buttigieg,2
2020-04-13,WashingtonTimes,Buttigieg,0
2020-04-14,AP,Buttigieg,4
2020-04-14,Breitbart,Buttigieg,0
2020-04-14,Buzzfeed,Buttigieg,0
2020-04-14,Fox,Buttigieg,0
2020-04-14,NBC,Buttigieg,0
2020-04-14,NewYorkTimes,Buttigieg,6
2020-04-14,Politico,Buttigieg,0
2020-04-14,WashingtonTimes,Buttigieg,0
2020-04-15,AP,Buttigieg,0
2020-04-15,Breitbart,Buttigieg,0
2020-04-15,Buzzfeed,Buttigieg,0
2020-04-15,Fox,Buttigieg,0
2020-04-15,NBC,Buttigieg,3
2020-04-15,NewYorkTimes,Buttigieg,6
2020-04-15,Politico,Buttigieg,2
2020-04-15,WashingtonTimes,Buttigieg,0
2020-04-16,AP,Buttigieg,0
2020-04-16,Breitbart,Buttigieg,10
2020-04-16,Buzzfeed,Buttigieg,0
2020-04-16,Fox,Buttigieg,0
2020-04-16,NBC,Buttigieg,3
2020-04-16,Politico,Buttigieg,0
2020-04-16,WashingtonTimes,Buttigieg,0
2020-04-17,AP,Buttigieg,0
2020-04-17,Breitbart,Buttigieg,1
2020-04-17,Buzzfeed,Buttigieg,0
2020-04-17,Fox,Buttigieg,0
2020-04-17,NBC,Buttigieg,0
2020-04-17,Politico,Buttigieg,3
2020-04-17,WashingtonTimes,Buttigieg,0
2020-04-18,Breitbart,Buttigieg,0
2020-04-18,Fox,Buttigieg,0
2020-04-18,NBC,Buttigieg,0
2020-04-18,Politico,Buttigieg,0
2020-04-18,WashingtonTimes,Buttigieg,0
2020-04-19,Breitbart,Buttigieg,0
2020-04-19,Fox,Buttigieg,0
2020-03-01,NewYorkTimes,Bloomberg,0
2020-03-02,Buzzfeed,Bloomberg,0
2020-03-02,NewYorkTimes,Bloomberg,0
2020-03-03,Buzzfeed,Bloomberg,500
2020-03-04,Buzzfeed,Bloomberg,430
2020-03-04,Fox,Bloomberg,133
2020-03-05,Buzzfeed,Bloomberg,20
2020-03-05,Fox,Bloomberg,7
2020-03-06,AP,Bloomberg,72
2020-03-06,Breitbart,Bloomberg,2
2020-03-06,Buzzfeed,Bloomberg,0
2020-03-06,Fox,Bloomberg,14
2020-03-06,NewYorkTimes,Bloomberg,7
2020-03-07,AP,Bloomberg,30
2020-03-07,Breitbart,Bloomberg,12
2020-03-07,Buzzfeed,Bloomberg,0
2020-03-07,Fox,Bloomberg,0
2020-03-07,NBC,Bloomberg,9
2020-03-07,NewYorkTimes,Bloomberg,7
2020-03-08,AP,Bloomberg,6
2020-03-08,Breitbart,Bloomberg,0
2020-03-08,Fox,Bloomberg,7
2020-03-08,NBC,Bloomberg,9
2020-03-08,NewYorkTimes,Bloomberg,77
2020-03-09,AP,Bloomberg,12
2020-03-09,Breitbart,Bloomberg,0
2020-03-09,Buzzfeed,Bloomberg,60
2020-03-09,Fox,Bloomberg,35
2020-03-09,NBC,Bloomberg,18
2020-03-09,NewYorkTimes,Bloomberg,7
2020-03-10,AP,Bloomberg,0
2020-03-10,Buzzfeed,Bloomberg,0
2020-03-10,Fox,Bloomberg,42
2020-03-10,NBC,Bloomberg,9
2020-03-10,NewYorkTimes,Bloomberg,0
2020-03-11,AP,Bloomberg,0
2020-03-11,Buzzfeed,Bloomberg,20
2020-03-11,Fox,Bloomberg,0
2020-03-11,NBC,Bloomberg,18
2020-03-12,AP,Bloomberg,0
2020-03-12,Breitbart,Bloomberg,8
2020-03-12,Buzzfeed,Bloomberg,0
2020-03-12,Fox,Bloomberg,28
2020-03-12,NBC,Bloomberg,90
2020-03-12,NewYorkTimes,Bloomberg,0
2020-03-13,AP,Bloomberg,6
2020-03-13,Breitbart,Bloomberg,8
2020-03-13,Buzzfeed,Bloomberg,0
2020-03-13,Fox,Bloomberg,0
2020-03-13,NBC,Bloomberg,18
2020-03-13,NewYorkTimes,Bloomberg,0
2020-03-13,Politico,Bloomberg,0
2020-03-13,WashingtonTimes,Bloomberg,9
2020-03-14,AP,Bloomberg,12
2020-03-14,Breitbart,Bloomberg,2
2020-03-14,Buzzfeed,Bloomberg,0
2020-03-14,Fox,Bloomberg,14
2020-03-14,NBC,Bloomberg,9
2020-03-14,NewYorkTimes,Bloomberg,0
2020-03-14,Politico,Bloomberg,14
2020-03-14,WashingtonTimes,Bloomberg,0
2020-03-15,AP,Bloomberg,0
2020-03-15,Breitbart,Bloomberg,0
2020-03-15,Buzzfeed,Bloomberg,20
2020-03-15,Fox,Bloomberg,0
2020-03-15,NBC,Bloomberg,27
2020-03-15,NewYorkTimes,Bloomberg,0
2020-03-15,Politico,Bloomberg,14
2020-03-15,WashingtonTimes,Bloomberg,9
2020-03-16,AP,Bloomberg,0
2020-03-16,Breitbart,Bloomberg,8
2020-03-16,Buzzfeed,Bloomberg,0
2020-03-16,Fox,Bloomberg,7
2020-03-16,NBC,Bloomberg,27
2020-03-16,NewYorkTimes,Bloomberg,0
2020-03-16,Politico,Bloomberg,0
2020-03-16,WashingtonTimes,Bloomberg,0
2020-03-17,AP,Bloomberg,0
2020-03-17,Breitbart,Bloomberg,10
2020-03-17,Buzzfeed,Bloomberg,0
2020-03-17,Fox,Bloomberg,63
2020-03-17,NBC,Bloomberg,0
2020-03-17,NewYorkTimes,Bloomberg,0
2020-03-17,Politico,Bloomberg,21
2020-03-17,WashingtonTimes,Bloomberg,18
2020-03-18,AP,Bloomberg,0
2020-03-18,Breitbart,Bloomberg,2
2020-03-18,Buzzfeed,Bloomberg,0
2020-03-18,Fox,Bloomberg,7
2020-03-18,NBC,Bloomberg,9
2020-03-18,NewYorkTimes,Bloomberg,0
2020-03-18,Politico,Bloomberg,0
2020-03-18,WashingtonTimes,Bloomberg,0
2020-03-19,AP,Bloomberg,0
2020-03-19,Breitbart,Bloomberg,2
2020-03-19,Buzzfeed,Bloomberg,0
2020-03-19,Fox,Bloomberg,42
2020-03-19,NBC,Bloomberg,0
2020-03-19,NewYorkTimes,Bloomberg,0
2020-03-19,Politico,Bloomberg,84
2020-03-19,WashingtonTimes,Bloomberg,9
2020-03-20,AP,Bloomberg,348
2020-03-20,Breitbart,Bloomberg,32
2020-03-20,Buzzfeed,Bloomberg,208
2020-03-20,Fox,Bloomberg,175
2020-03-20,NBC,Bloomberg,56
2020-03-20,NewYorkTimes,Bloomberg,189
2020-03-20,Politico,Bloomberg,399
2020-03-20,WashingtonTimes,Bloomberg,96
2020-03-21,AP,Bloomberg,0
2020-03-21,Breitbart,Bloomberg,0
2020-03-21,Buzzfeed,Bloomberg,0
2020-03-21,Fox,Bloomberg,0
2020-03-21,NBC,Bloomberg,0
2020-03-21,NewYorkTimes,Bloomberg,0
2020-03-21,Politico,Bloomberg,14
2020-03-21,WashingtonTimes,Bloomberg,0
2020-03-22,AP,Bloomberg,0
2020-03-22,Breitbart,Bloomberg,3
2020-03-22,Fox,Bloomberg,0
2020-03-22,NBC,Bloomberg,0
2020-03-22,NewYorkTimes,Bloomberg,0
2020-03-22,Politico,Bloomberg,26
2020-03-22,WashingtonTimes,Bloomberg,0
2020-03-23,AP,Bloomberg,40
2020-03-23,Breitbart,Bloomberg,2
2020-03-23,Buzzfeed,Bloomberg,21
2020-03-23,Fox,Bloomberg,36
2020-03-23,NBC,Bloomberg,21
2020-03-23,NewYorkTimes,Bloomberg,0
2020-03-23,Politico,Bloomberg,492
2020-03-23,WashingtonTimes,Bloomberg,21
2020-03-24,AP,Bloomberg,0
2020-03-24,Breitbart,Bloomberg,0
2020-03-24,Buzzfeed,Bloomberg,0
2020-03-24,Fox,Bloomberg,12
2020-03-24,NBC,Bloomberg,14
2020-03-24,NewYorkTimes,Bloomberg,0
2020-03-24,Politico,Bloomberg,0
2020-03-24,WashingtonTimes,Bloomberg,210
2020-03-25,AP,Bloomberg,0
2020-03-25,Breitbart,Bloomberg,6
2020-03-25,Buzzfeed,Bloomberg,0
2020-03-25,Fox,Bloomberg,0
2020-03-25,NBC,Bloomberg,0
2020-03-25,NewYorkTimes,Bloomberg,0
2020-03-25,Politico,Bloomberg,18
2020-03-25,WashingtonTimes,Bloomberg,0
2020-03-26,AP,Bloomberg,0
2020-03-26,Breitbart,Bloomberg,5
2020-03-26,Fox,Bloomberg,15
2020-03-26,NBC,Bloomberg,0
2020-03-26,NewYorkTimes,Bloomberg,0
2020-03-26,Politico,Bloomberg,0
2020-03-26,WashingtonTimes,Bloomberg,0
2020-03-27,AP,Bloomberg,0
2020-03-27,Breitbart,Bloomberg,0
2020-03-27,Buzzfeed,Bloomberg,0
2020-03-27,Fox,Bloomberg,95
2020-03-27,NBC,Bloomberg,0
2020-03-27,NewYorkTimes,Bloomberg,0
2020-03-27,Politico,Bloomberg,5
2020-03-27,WashingtonTimes,Bloomberg,0
2020-03-28,AP,Bloomberg,0
2020-03-28,Breitbart,Bloomberg,0
2020-03-28,Buzzfeed,Bloomberg,0
2020-03-28,Fox,Bloomberg,0
2020-03-28,NBC,Bloomberg,0
2020-03-28,NewYorkTimes,Bloomberg,4
2020-03-28,Politico,Bloomberg,0
2020-03-28,WashingtonTimes,Bloomberg,0
2020-03-29,AP,Bloomberg,6
2020-03-29,Breitbart,Bloomberg,0
2020-03-29,Buzzfeed,Bloomberg,0
2020-03-29,Fox,Bloomberg,0
2020-03-29,NBC,Bloomberg,10
2020-03-29,NewYorkTimes,Bloomberg,20
2020-03-29,Politico,Bloomberg,0
2020-03-29,WashingtonTimes,Bloomberg,0
2020-03-30,AP,Bloomberg,0
2020-03-30,Breitbart,Bloomberg,0
2020-03-30,Buzzfeed,Bloomberg,0
2020-03-30,Fox,Bloomberg,0
2020-03-30,NBC,Bloomberg,0
2020-03-30,NewYorkTimes,Bloomberg,48
2020-03-30,Politico,Bloomberg,0
2020-03-30,WashingtonTimes,Bloomberg,0
2020-03-31,AP,Bloomberg,0
2020-03-31,Breitbart,Bloomberg,0
2020-03-31,Buzzfeed,Bloomberg,0
2020-03-31,Fox,Bloomberg,26
2020-03-31,NBC,Bloomberg,0
2020-03-31,NewYorkTimes,Bloomberg,4
2020-03-31,Politico,Bloomberg,80
2020-03-31,WashingtonTimes,Bloomberg,0
2020-04-01,AP,Bloomberg,0
2020-04-01,Breitbart,Bloomberg,3
2020-04-01,Buzzfeed,Bloomberg,0
2020-04-01,Fox,Bloomberg,12
2020-04-01,NBC,Bloomberg,5
2020-04-01,NewYorkTimes,Bloomberg,0
2020-04-01,Politico,Bloomberg,0
2020-04-01,WashingtonTimes,Bloomberg,5
2020-04-02,AP,Bloomberg,0
2020-04-02,Breitbart,Bloomberg,3
2020-04-02,Fox,Bloomberg,8
2020-04-02,NBC,Bloomberg,15
2020-04-02,NewYorkTimes,Bloomberg,0
2020-04-02,Politico,Bloomberg,4
2020-04-02,WashingtonTimes,Bloomberg,0
2020-04-03,AP,Bloomberg,0
2020-04-03,Breitbart,Bloomberg,1
2020-04-03,Buzzfeed,Bloomberg,5
2020-04-03,Fox,Bloomberg,111
2020-04-03,NBC,Bloomberg,9
2020-04-03,NewYorkTimes,Bloomberg,0
2020-04-03,Politico,Bloomberg,4
2020-04-03,WashingtonTimes,Bloomberg,0
2020-04-04,AP,Bloomberg,0
2020-04-04,Breitbart,Bloomberg,4
2020-04-04,Buzzfeed,Bloomberg,0
2020-04-04,Fox,Bloomberg,2
2020-04-04,NBC,Bloomberg,0
2020-04-04,NewYorkTimes,Bloomberg,0
2020-04-04,Politico,Bloomberg,2
2020-04-04,WashingtonTimes,Bloomberg,0
2020-04-05,AP,Bloomberg,0
2020-04-05,Breitbart,Bloomberg,1
2020-04-05,Fox,Bloomberg,0
2020-04-05,NBC,Bloomberg,0
2020-04-05,NewYorkTimes,Bloomberg,2
2020-04-05,Politico,Bloomberg,0
2020-04-05,WashingtonTimes,Bloomberg,0
2020-04-06,AP,Bloomberg,0
2020-04-06,Breitbart,Bloomberg,1
2020-04-06,Buzzfeed,Bloomberg,0
2020-04-06,Fox,Bloomberg,4
2020-04-06,NBC,Bloomberg,0
2020-04-06,NewYorkTimes,Bloomberg,0
2020-04-06,Politico,Bloomberg,0
2020-04-06,WashingtonTimes,Bloomberg,3
2020-04-07,AP,Bloomberg,0
2020-04-07,Breitbart,Bloomberg,0
2020-04-07,Fox,Bloomberg,0
2020-04-07,NBC,Bloomberg,0
2020-04-07,NewYorkTimes,Bloomberg,0
2020-04-07,Politico,Bloomberg,4
2020-04-07,WashingtonTimes,Bloomberg,0
2020-04-08,AP,Bloomberg,0
2020-04-08,Breitbart,Bloomberg,5
2020-04-08,Buzzfeed,Bloomberg,9
2020-04-08,Fox,Bloomberg,6
2020-04-08,NBC,Bloomberg,0
2020-04-08,NewYorkTimes,Bloomberg,8
2020-04-08,Politico,Bloomberg,2
2020-04-08,WashingtonTimes,Bloomberg,3
2020-04-09,AP,Bloomberg,0
2020-04-09,Breitbart,Bloomberg,2
2020-04-09,Buzzfeed,Bloomberg,3
2020-04-09,Fox,Bloomberg,20
2020-04-09,NBC,Bloomberg,0
2020-04-09,NewYorkTimes,Bloomberg,0
2020-04-09,Politico,Bloomberg,14
2020-04-09,WashingtonTimes,Bloomberg,0
2020-04-10,AP,Bloomberg,1
2020-04-10,Breitbart,Bloomberg,0
2020-04-10,Fox,Bloomberg,4
2020-04-10,NBC,Bloomberg,3
2020-04-10,NewYorkTimes,Bloomberg,2
2020-04-10,Politico,Bloomberg,4
2020-04-10,WashingtonTimes,Bloomberg,3
2020-04-11,AP,Bloomberg,0
2020-04-11,Breitbart,Bloomberg,0
2020-04-11,Buzzfeed,Bloomberg,0
2020-04-11,Fox,Bloomberg,0
2020-04-11,NBC,Bloomberg,0
2020-04-11,NewYorkTimes,Bloomberg,0
2020-04-11,Politico,Bloomberg,0
2020-04-11,WashingtonTimes,Bloomberg,0
2020-04-12,AP,Bloomberg,0
2020-04-12,Breitbart,Bloomberg,4
2020-04-12,Fox,Bloomberg,2
2020-04-12,NBC,Bloomberg,0
2020-04-12,NewYorkTimes,Bloomberg,0
2020-04-12,Politico,Bloomberg,2
2020-04-12,WashingtonTimes,Bloomberg,0
2020-04-13,AP,Bloomberg,0
2020-04-13,Breitbart,Bloomberg,1
2020-04-13,Buzzfeed,Bloomberg,0
2020-04-13,Fox,Bloomberg,0
2020-04-13,NBC,Bloomberg,6
2020-04-13,NewYorkTimes,Bloomberg,0
2020-04-13,Politico,Bloomberg,8
2020-04-13,WashingtonTimes,Bloomberg,0
2020-04-14,AP,Bloomberg,3
2020-04-14,Breitbart,Bloomberg,0
2020-04-14,Buzzfeed,Bloomberg,0
2020-04-14,Fox,Bloomberg,0
2020-04-14,NBC,Bloomberg,0
2020-04-14,NewYorkTimes,Bloomberg,0
2020-04-14,Politico,Bloomberg,2
2020-04-14,WashingtonTimes,Bloomberg,0
2020-04-15,AP,Bloomberg,0
2020-04-15,Breitbart,Bloomberg,0
2020-04-15,Buzzfeed,Bloomberg,0
2020-04-15,Fox,Bloomberg,2
2020-04-15,NBC,Bloomberg,3
2020-04-15,NewYorkTimes,Bloomberg,0
2020-04-15,Politico,Bloomberg,2
2020-04-15,WashingtonTimes,Bloomberg,0
2020-04-16,AP,Bloomberg,0
2020-04-16,Breitbart,Bloomberg,0
2020-04-16,Buzzfeed,Bloomberg,0
2020-04-16,Fox,Bloomberg,2
2020-04-16,NBC,Bloomberg,0
2020-04-16,Politico,Bloomberg,0
2020-04-16,WashingtonTimes,Bloomberg,0
2020-04-17,AP,Bloomberg,0
2020-04-17,Breitbart,Bloomberg,0
2020-04-17,Buzzfeed,Bloomberg,0
2020-04-17,Fox,Bloomberg,4
2020-04-17,NBC,Bloomberg,4
2020-04-17,Politico,Bloomberg,5
2020-04-17,WashingtonTimes,Bloomberg,0
2020-04-18,Breitbart,Bloomberg,0
2020-04-18,Fox,Bloomberg,0
2020-04-18,NBC,Bloomberg,0
2020-04-18,Politico,Bloomberg,0
2020-04-18,WashingtonTimes,Bloomberg,0
2020-04-19,Breitbart,Bloomberg,0
2020-04-19,Fox,Bloomberg,0
2020-03-01,NewYorkTimes,Klobuchar,0
2020-03-02,Buzzfeed,Klobuchar,190
2020-03-02,NewYorkTimes,Klobuchar,48
2020-03-03,Buzzfeed,Klobuchar,450
2020-03-04,Buzzfeed,Klobuchar,70
2020-03-04,Fox,Klobuchar,14
2020-03-05,Buzzfeed,Klobuchar,40
2020-03-05,Fox,Klobuchar,14
2020-03-06,AP,Klobuchar,54
2020-03-06,Breitbart,Klobuchar,0
2020-03-06,Buzzfeed,Klobuchar,0
2020-03-06,Fox,Klobuchar,0
2020-03-06,NewYorkTimes,Klobuchar,21
2020-03-07,AP,Klobuchar,6
2020-03-07,Breitbart,Klobuchar,0
2020-03-07,Buzzfeed,Klobuchar,0
2020-03-07,Fox,Klobuchar,0
2020-03-07,NBC,Klobuchar,9
2020-03-07,NewYorkTimes,Klobuchar,7
2020-03-08,AP,Klobuchar,6
2020-03-08,Breitbart,Klobuchar,0
2020-03-08,Fox,Klobuchar,7
2020-03-08,NBC,Klobuchar,9
2020-03-08,NewYorkTimes,Klobuchar,21
2020-03-09,AP,Klobuchar,42
2020-03-09,Breitbart,Klobuchar,2
2020-03-09,Buzzfeed,Klobuchar,0
2020-03-09,Fox,Klobuchar,28
2020-03-09,NBC,Klobuchar,36
2020-03-09,NewYorkTimes,Klobuchar,42
2020-03-10,AP,Klobuchar,6
2020-03-10,Buzzfeed,Klobuchar,0
2020-03-10,Fox,Klobuchar,35
2020-03-10,NBC,Klobuchar,9
2020-03-10,NewYorkTimes,Klobuchar,0
2020-03-11,AP,Klobuchar,0
2020-03-11,Buzzfeed,Klobuchar,20
2020-03-11,Fox,Klobuchar,0
2020-03-11,NBC,Klobuchar,45
2020-03-12,AP,Klobuchar,0
2020-03-12,Breitbart,Klobuchar,2
2020-03-12,Buzzfeed,Klobuchar,0
2020-03-12,Fox,Klobuchar,0
2020-03-12,NBC,Klobuchar,0
2020-03-12,NewYorkTimes,Klobuchar,0
2020-03-13,AP,Klobuchar,0
2020-03-13,Breitbart,Klobuchar,0
2020-03-13,Buzzfeed,Klobuchar,0
2020-03-13,Fox,Klobuchar,0
2020-03-13,NBC,Klobuchar,0
2020-03-13,NewYorkTimes,Klobuchar,0
2020-03-13,Politico,Klobuchar,0
2020-03-13,WashingtonTimes,Klobuchar,18
2020-03-14,AP,Klobuchar,0
2020-03-14,Breitbart,Klobuchar,2
2020-03-14,Buzzfeed,Klobuchar,0
2020-03-14,Fox,Klobuchar,0
2020-03-14,NBC,Klobuchar,0
2020-03-14,NewYorkTimes,Klobuchar,0
2020-03-14,Politico,Klobuchar,0
2020-03-14,WashingtonTimes,Klobuchar,0
2020-03-15,AP,Klobuchar,12
2020-03-15,Breitbart,Klobuchar,0
2020-03-15,Buzzfeed,Klobuchar,10
2020-03-15,Fox,Klobuchar,14
2020-03-15,NBC,Klobuchar,27
2020-03-15,NewYorkTimes,Klobuchar,0
2020-03-15,Politico,Klobuchar,14
2020-03-15,WashingtonTimes,Klobuchar,18
2020-03-16,AP,Klobuchar,0
2020-03-16,Breitbart,Klobuchar,2
2020-03-16,Buzzfeed,Klobuchar,0
2020-03-16,Fox,Klobuchar,0
2020-03-16,NBC,Klobuchar,45
2020-03-16,NewYorkTimes,Klobuchar,21
2020-03-16,Politico,Klobuchar,14
2020-03-16,WashingtonTimes,Klobuchar,0
2020-03-17,AP,Klobuchar,0
2020-03-17,Breitbart,Klobuchar,0
2020-03-17,Buzzfeed,Klobuchar,0
2020-03-17,Fox,Klobuchar,14
2020-03-17,NBC,Klobuchar,0
2020-03-17,NewYorkTimes,Klobuchar,7
2020-03-17,Politico,Klobuchar,49
2020-03-17,WashingtonTimes,Klobuchar,0
2020-03-18,AP,Klobuchar,0
2020-03-18,Breitbart,Klobuchar,4
2020-03-18,Buzzfeed,Klobuchar,0
2020-03-18,Fox,Klobuchar,0
2020-03-18,NBC,Klobuchar,0
2020-03-18,NewYorkTimes,Klobuchar,0
2020-03-18,Politico,Klobuchar,0
2020-03-18,WashingtonTimes,Klobuchar,0
2020-03-19,AP,Klobuchar,0
2020-03-19,Breitbart,Klobuchar,6
2020-03-19,Buzzfeed,Klobuchar,10
2020-03-19,Fox,Klobuchar,14
2020-03-19,NBC,Klobuchar,0
2020-03-19,NewYorkTimes,Klobuchar,28
2020-03-19,Politico,Klobuchar,14
2020-03-19,WashingtonTimes,Klobuchar,9
2020-03-20,AP,Klobuchar,0
2020-03-20,Breitbart,Klobuchar,0
2020-03-20,Buzzfeed,Klobuchar,0
2020-03-20,Fox,Klobuchar,7
2020-03-20,NBC,Klobuchar,32
2020-03-20,NewYorkTimes,Klobuchar,0
2020-03-20,Politico,Klobuchar,0
2020-03-20,WashingtonTimes,Klobuchar,0
2020-03-21,AP,Klobuchar,0
2020-03-21,Breitbart,Klobuchar,0
2020-03-21,Buzzfeed,Klobuchar,0
2020-03-21,Fox,Klobuchar,0
2020-03-21,NBC,Klobuchar,0
2020-03-21,NewYorkTimes,Klobuchar,21
2020-03-21,Politico,Klobuchar,0
2020-03-21,WashingtonTimes,Klobuchar,0
2020-03-22,AP,Klobuchar,0
2020-03-22,Breitbart,Klobuchar,0
2020-03-22,Fox,Klobuchar,0
2020-03-22,NBC,Klobuchar,0
2020-03-22,NewYorkTimes,Klobuchar,0
2020-03-22,Politico,Klobuchar,39
2020-03-22,WashingtonTimes,Klobuchar,0
2020-03-23,AP,Klobuchar,10
2020-03-23,Breitbart,Klobuchar,0
2020-03-23,Buzzfeed,Klobuchar,0
2020-03-23,Fox,Klobuchar,102
2020-03-23,NBC,Klobuchar,112
2020-03-23,NewYorkTimes,Klobuchar,0
2020-03-23,Politico,Klobuchar,54
2020-03-23,WashingtonTimes,Klobuchar,56
2020-03-24,AP,Klobuchar,0
2020-03-24,Breitbart,Klobuchar,0
2020-03-24,Buzzfeed,Klobuchar,0
2020-03-24,Fox,Klobuchar,0
2020-03-24,NBC,Klobuchar,42
2020-03-24,NewYorkTimes,Klobuchar,0
2020-03-24,Politico,Klobuchar,18
2020-03-24,WashingtonTimes,Klobuchar,63
2020-03-25,AP,Klobuchar,5
2020-03-25,Breitbart,Klobuchar,1
2020-03-25,Buzzfeed,Klobuchar,0
2020-03-25,Fox,Klobuchar,6
2020-03-25,NBC,Klobuchar,0
2020-03-25,NewYorkTimes,Klobuchar,0
2020-03-25,Politico,Klobuchar,6
2020-03-25,WashingtonTimes,Klobuchar,14
2020-03-26,AP,Klobuchar,0
2020-03-26,Breitbart,Klobuchar,0
2020-03-26,Fox,Klobuchar,10
2020-03-26,NBC,Klobuchar,0
2020-03-26,NewYorkTimes,Klobuchar,0
2020-03-26,Politico,Klobuchar,0
2020-03-26,WashingtonTimes,Klobuchar,54
2020-03-27,AP,Klobuchar,0
2020-03-27,Breitbart,Klobuchar,2
2020-03-27,Buzzfeed,Klobuchar,0
2020-03-27,Fox,Klobuchar,10
2020-03-27,NBC,Klobuchar,0
2020-03-27,NewYorkTimes,Klobuchar,10
2020-03-27,Politico,Klobuchar,35
2020-03-27,WashingtonTimes,Klobuchar,12
2020-03-28,AP,Klobuchar,0
2020-03-28,Breitbart,Klobuchar,0
2020-03-28,Buzzfeed,Klobuchar,0
2020-03-28,Fox,Klobuchar,4
2020-03-28,NBC,Klobuchar,0
2020-03-28,NewYorkTimes,Klobuchar,0
2020-03-28,Politico,Klobuchar,0
2020-03-28,WashingtonTimes,Klobuchar,0
2020-03-29,AP,Klobuchar,3
2020-03-29,Breitbart,Klobuchar,0
2020-03-29,Buzzfeed,Klobuchar,0
2020-03-29,Fox,Klobuchar,0
2020-03-29,NBC,Klobuchar,10
2020-03-29,NewYorkTimes,Klobuchar,0
2020-03-29,Politico,Klobuchar,0
2020-03-29,WashingtonTimes,Klobuchar,0
2020-03-30,AP,Klobuchar,0
2020-03-30,Breitbart,Klobuchar,0
2020-03-30,Buzzfeed,Klobuchar,0
2020-03-30,Fox,Klobuchar,0
2020-03-30,NBC,Klobuchar,0
2020-03-30,NewYorkTimes,Klobuchar,0
2020-03-30,Politico,Klobuchar,0
2020-03-30,WashingtonTimes,Klobuchar,0
2020-03-31,AP,Klobuchar,0
2020-03-31,Breitbart,Klobuchar,0
2020-03-31,Buzzfeed,Klobuchar,0
2020-03-31,Fox,Klobuchar,0
2020-03-31,NBC,Klobuchar,0
2020-03-31,NewYorkTimes,Klobuchar,4
2020-03-31,Politico,Klobuchar,128
2020-03-31,WashingtonTimes,Klobuchar,0
2020-04-01,AP,Klobuchar,0
2020-04-01,Breitbart,Klobuchar,0
2020-04-01,Buzzfeed,Klobuchar,0
2020-04-01,Fox,Klobuchar,4
2020-04-01,NBC,Klobuchar,10
2020-04-01,NewYorkTimes,Klobuchar,8
2020-04-01,Politico,Klobuchar,0
2020-04-01,WashingtonTimes,Klobuchar,0
2020-04-02,AP,Klobuchar,0
2020-04-02,Breitbart,Klobuchar,1
2020-04-02,Fox,Klobuchar,0
2020-04-02,NBC,Klobuchar,5
2020-04-02,NewYorkTimes,Klobuchar,32
2020-04-02,Politico,Klobuchar,0
2020-04-02,WashingtonTimes,Klobuchar,0
2020-04-03,AP,Klobuchar,0
2020-04-03,Breitbart,Klobuchar,2
2020-04-03,Buzzfeed,Klobuchar,0
2020-04-03,Fox,Klobuchar,8
2020-04-03,NBC,Klobuchar,0
2020-04-03,NewYorkTimes,Klobuchar,0
2020-04-03,Politico,Klobuchar,0
2020-04-03,WashingtonTimes,Klobuchar,0
2020-04-04,AP,Klobuchar,0
2020-04-04,Breitbart,Klobuchar,0
2020-04-04,Buzzfeed,Klobuchar,0
2020-04-04,Fox,Klobuchar,0
2020-04-04,NBC,Klobuchar,6
2020-04-04,NewYorkTimes,Klobuchar,0
2020-04-04,Politico,Klobuchar,0
2020-04-04,WashingtonTimes,Klobuchar,0
2020-04-05,AP,Klobuchar,0
2020-04-05,Breitbart,Klobuchar,0
2020-04-05,Fox,Klobuchar,0
2020-04-05,NBC,Klobuchar,0
2020-04-05,NewYorkTimes,Klobuchar,0
2020-04-05,Politico,Klobuchar,10
2020-04-05,WashingtonTimes,Klobuchar,0
2020-04-06,AP,Klobuchar,0
2020-04-06,Breitbart,Klobuchar,5
2020-04-06,Buzzfeed,Klobuchar,0
2020-04-06,Fox,Klobuchar,0
2020-04-06,NBC,Klobuchar,0
2020-04-06,NewYorkTimes,Klobuchar,12
2020-04-06,Politico,Klobuchar,0
2020-04-06,WashingtonTimes,Klobuchar,0
2020-04-07,AP,Klobuchar,0
2020-04-07,Breitbart,Klobuchar,0
2020-04-07,Fox,Klobuchar,0
2020-04-07,NBC,Klobuchar,24
2020-04-07,NewYorkTimes,Klobuchar,0
2020-04-07,Politico,Klobuchar,4
2020-04-07,WashingtonTimes,Klobuchar,0
2020-04-08,AP,Klobuchar,0
2020-04-08,Breitbart,Klobuchar,7
2020-04-08,Buzzfeed,Klobuchar,15
2020-04-08,Fox,Klobuchar,10
2020-04-08,NBC,Klobuchar,9
2020-04-08,NewYorkTimes,Klobuchar,6
2020-04-08,Politico,Klobuchar,0
2020-04-08,WashingtonTimes,Klobuchar,6
2020-04-09,AP,Klobuchar,0
2020-04-09,Breitbart,Klobuchar,2
2020-04-09,Buzzfeed,Klobuchar,6
2020-04-09,Fox,Klobuchar,72
2020-04-09,NBC,Klobuchar,18
2020-04-09,NewYorkTimes,Klobuchar,0
2020-04-09,Politico,Klobuchar,6
2020-04-09,WashingtonTimes,Klobuchar,3
2020-04-10,AP,Klobuchar,4
2020-04-10,Breitbart,Klobuchar,3
2020-04-10,Fox,Klobuchar,0
2020-04-10,NBC,Klobuchar,6
2020-04-10,NewYorkTimes,Klobuchar,0
2020-04-10,Politico,Klobuchar,2
2020-04-10,WashingtonTimes,Klobuchar,3
2020-04-11,AP,Klobuchar,0
2020-04-11,Breitbart,Klobuchar,0
2020-04-11,Buzzfeed,Klobuchar,0
2020-04-11,Fox,Klobuchar,0
2020-04-11,NBC,Klobuchar,0
2020-04-11,NewYorkTimes,Klobuchar,0
2020-04-11,Politico,Klobuchar,0
2020-04-11,WashingtonTimes,Klobuchar,0
2020-04-12,AP,Klobuchar,0
2020-04-12,Breitbart,Klobuchar,0
2020-04-12,Fox,Klobuchar,0
2020-04-12,NBC,Klobuchar,0
2020-04-12,NewYorkTimes,Klobuchar,0
2020-04-12,Politico,Klobuchar,0
2020-04-12,WashingtonTimes,Klobuchar,0
2020-04-13,AP,Klobuchar,2
2020-04-13,Breitbart,Klobuchar,1
2020-04-13,Buzzfeed,Klobuchar,0
2020-04-13,Fox,Klobuchar,0
2020-04-13,NBC,Klobuchar,0
2020-04-13,NewYorkTimes,Klobuchar,0
2020-04-13,Politico,Klobuchar,0
2020-04-13,WashingtonTimes,Klobuchar,12
2020-04-14,AP,Klobuchar,0
2020-04-14,Breitbart,Klobuchar,0
2020-04-14,Buzzfeed,Klobuchar,0
2020-04-14,Fox,Klobuchar,0
2020-04-14,NBC,Klobuchar,15
2020-04-14,NewYorkTimes,Klobuchar,4
2020-04-14,Politico,Klobuchar,8
2020-04-14,WashingtonTimes,Klobuchar,0
2020-04-15,AP,Klobuchar,0
2020-04-15,Breitbart,Klobuchar,1
2020-04-15,Buzzfeed,Klobuchar,0
2020-04-15,Fox,Klobuchar,4
2020-04-15,NBC,Klobuchar,3
2020-04-15,NewYorkTimes,Klobuchar,8
2020-04-15,Politico,Klobuchar,20
2020-04-15,WashingtonTimes,Klobuchar,0
2020-04-16,AP,Klobuchar,10
2020-04-16,Breitbart,Klobuchar,0
2020-04-16,Buzzfeed,Klobuchar,0
2020-04-16,Fox,Klobuchar,14
2020-04-16,NBC,Klobuchar,0
2020-04-16,Politico,Klobuchar,18
2020-04-16,WashingtonTimes,Klobuchar,9
2020-04-17,AP,Klobuchar,0
2020-04-17,Breitbart,Klobuchar,4
2020-04-17,Buzzfeed,Klobuchar,0
2020-04-17,Fox,Klobuchar,9
2020-04-17,NBC,Klobuchar,0
2020-04-17,Politico,Klobuchar,0
2020-04-17,WashingtonTimes,Klobuchar,2
2020-04-18,Breitbart,Klobuchar,0
2020-04-18,Fox,Klobuchar,0
2020-04-18,NBC,Klobuchar,0
2020-04-18,Politico,Klobuchar,0
2020-04-18,WashingtonTimes,Klobuchar,0
2020-04-19,Breitbart,Klobuchar,0
2020-04-19,Fox,Klobuchar,0
2020-03-01,NewYorkTimes,Yang,0
2020-03-02,Buzzfeed,Yang,0
2020-03-02,NewYorkTimes,Yang,0
2020-03-03,Buzzfeed,Yang,200
2020-03-04,Buzzfeed,Yang,0
2020-03-04,Fox,Yang,0
2020-03-05,Buzzfeed,Yang,110
2020-03-05,Fox,Yang,0
2020-03-06,AP,Yang,0
2020-03-06,Breitbart,Yang,0
2020-03-06,Buzzfeed,Yang,0
2020-03-06,Fox,Yang,0
2020-03-06,NewYorkTimes,Yang,0
2020-03-07,AP,Yang,0
2020-03-07,Breitbart,Yang,0
2020-03-07,Buzzfeed,Yang,0
2020-03-07,Fox,Yang,0
2020-03-07,NBC,Yang,0
2020-03-07,NewYorkTimes,Yang,14
2020-03-08,AP,Yang,0
2020-03-08,Breitbart,Yang,0
2020-03-08,Fox,Yang,0
2020-03-08,NBC,Yang,0
2020-03-08,NewYorkTimes,Yang,0
2020-03-09,AP,Yang,6
2020-03-09,Breitbart,Yang,0
2020-03-09,Buzzfeed,Yang,0
2020-03-09,Fox,Yang,0
2020-03-09,NBC,Yang,0
2020-03-09,NewYorkTimes,Yang,7
2020-03-10,AP,Yang,24
2020-03-10,Buzzfeed,Yang,20
2020-03-10,Fox,Yang,7
2020-03-10,NBC,Yang,0
2020-03-10,NewYorkTimes,Yang,0
2020-03-11,AP,Yang,6
2020-03-11,Buzzfeed,Yang,0
2020-03-11,Fox,Yang,0
2020-03-11,NBC,Yang,9
2020-03-12,AP,Yang,0
2020-03-12,Breitbart,Yang,0
2020-03-12,Buzzfeed,Yang,0
2020-03-12,Fox,Yang,0
2020-03-12,NBC,Yang,0
2020-03-12,NewYorkTimes,Yang,0
2020-03-13,AP,Yang,0
2020-03-13,Breitbart,Yang,0
2020-03-13,Buzzfeed,Yang,0
2020-03-13,Fox,Yang,0
2020-03-13,NBC,Yang,0
2020-03-13,NewYorkTimes,Yang,0
2020-03-13,Politico,Yang,0
2020-03-13,WashingtonTimes,Yang,0
2020-03-14,AP,Yang,0
2020-03-14,Breitbart,Yang,0
2020-03-14,Buzzfeed,Yang,0
2020-03-14,Fox,Yang,14
2020-03-14,NBC,Yang,0
2020-03-14,NewYorkTimes,Yang,0
2020-03-14,Politico,Yang,0
2020-03-14,WashingtonTimes,Yang,99
2020-03-15,AP,Yang,0
2020-03-15,Breitbart,Yang,2
2020-03-15,Buzzfeed,Yang,10
2020-03-15,Fox,Yang,0
2020-03-15,NBC,Yang,0
2020-03-15,NewYorkTimes,Yang,0
2020-03-15,Politico,Yang,0
2020-03-15,WashingtonTimes,Yang,0
2020-03-16,AP,Yang,0
2020-03-16,Breitbart,Yang,6
2020-03-16,Buzzfeed,Yang,30
2020-03-16,Fox,Yang,35
2020-03-16,NBC,Yang,0
2020-03-16,NewYorkTimes,Yang,0
2020-03-16,Politico,Yang,7
2020-03-16,WashingtonTimes,Yang,27
2020-03-17,AP,Yang,0
2020-03-17,Breitbart,Yang,18
2020-03-17,Buzzfeed,Yang,0
2020-03-17,Fox,Yang,7
2020-03-17,NBC,Yang,0
2020-03-17,NewYorkTimes,Yang,21
2020-03-17,Politico,Yang,0
2020-03-17,WashingtonTimes,Yang,45
2020-03-18,AP,Yang,24
2020-03-18,Breitbart,Yang,2
2020-03-18,Buzzfeed,Yang,0
2020-03-18,Fox,Yang,42
2020-03-18,NBC,Yang,9
2020-03-18,NewYorkTimes,Yang,0
2020-03-18,Politico,Yang,7
2020-03-18,WashingtonTimes,Yang,0
2020-03-19,AP,Yang,0
2020-03-19,Breitbart,Yang,0
2020-03-19,Buzzfeed,Yang,0
2020-03-19,Fox,Yang,14
2020-03-19,NBC,Yang,27
2020-03-19,NewYorkTimes,Yang,0
2020-03-19,Politico,Yang,0
2020-03-19,WashingtonTimes,Yang,0
2020-03-20,AP,Yang,0
2020-03-20,Breitbart,Yang,16
2020-03-20,Buzzfeed,Yang,0
2020-03-20,Fox,Yang,77
2020-03-20,NBC,Yang,24
2020-03-20,NewYorkTimes,Yang,0
2020-03-20,Politico,Yang,0
2020-03-20,WashingtonTimes,Yang,0
2020-03-21,AP,Yang,0
2020-03-21,Breitbart,Yang,0
2020-03-21,Buzzfeed,Yang,0
2020-03-21,Fox,Yang,0
2020-03-21,NBC,Yang,0
2020-03-21,NewYorkTimes,Yang,14
2020-03-21,Politico,Yang,0
2020-03-21,WashingtonTimes,Yang,0
2020-03-22,AP,Yang,0
2020-03-22,Breitbart,Yang,0
2020-03-22,Fox,Yang,0
2020-03-22,NBC,Yang,0
2020-03-22,NewYorkTimes,Yang,0
2020-03-22,Politico,Yang,0
2020-03-22,WashingtonTimes,Yang,0
2020-03-23,AP,Yang,0
2020-03-23,Breitbart,Yang,0
2020-03-23,Buzzfeed,Yang,0
2020-03-23,Fox,Yang,0
2020-03-23,NBC,Yang,0
2020-03-23,NewYorkTimes,Yang,0
2020-03-23,Politico,Yang,12
2020-03-23,WashingtonTimes,Yang,0
2020-03-24,AP,Yang,0
2020-03-24,Breitbart,Yang,0
2020-03-24,Buzzfeed,Yang,0
2020-03-24,Fox,Yang,12
2020-03-24,NBC,Yang,0
2020-03-24,NewYorkTimes,Yang,0
2020-03-24,Politico,Yang,0
2020-03-24,WashingtonTimes,Yang,0
2020-03-25,AP,Yang,0
2020-03-25,Breitbart,Yang,0
2020-03-25,Buzzfeed,Yang,0
2020-03-25,Fox,Yang,0
2020-03-25,NBC,Yang,0
2020-03-25,NewYorkTimes,Yang,0
2020-03-25,Politico,Yang,0
2020-03-25,WashingtonTimes,Yang,0
2020-03-26,AP,Yang,0
2020-03-26,Breitbart,Yang,3
2020-03-26,Fox,Yang,0
2020-03-26,NBC,Yang,0
2020-03-26,NewYorkTimes,Yang,0
2020-03-26,Politico,Yang,0
2020-03-26,WashingtonTimes,Yang,0
2020-03-27,AP,Yang,0
2020-03-27,Breitbart,Yang,0
2020-03-27,Buzzfeed,Yang,0
2020-03-27,Fox,Yang,0
2020-03-27,NBC,Yang,0
2020-03-27,NewYorkTimes,Yang,0
2020-03-27,Politico,Yang,0
2020-03-27,WashingtonTimes,Yang,0
2020-03-28,AP,Yang,0
2020-03-28,Breitbart,Yang,1
2020-03-28,Buzzfeed,Yang,0
2020-03-28,Fox,Yang,0
2020-03-28,NBC,Yang,0
2020-03-28,NewYorkTimes,Yang,0
2020-03-28,Politico,Yang,0
2020-03-28,WashingtonTimes,Yang,0
2020-03-29,AP,Yang,0
2020-03-29,Breitbart,Yang,0
2020-03-29,Buzzfeed,Yang,0
2020-03-29,Fox,Yang,0
2020-03-29,NBC,Yang,0
2020-03-29,NewYorkTimes,Yang,32
2020-03-29,Politico,Yang,0
2020-03-29,WashingtonTimes,Yang,0
2020-03-30,AP,Yang,0
2020-03-30,Breitbart,Yang,0
2020-03-30,Buzzfeed,Yang,0
2020-03-30,Fox,Yang,0
2020-03-30,NBC,Yang,0
2020-03-30,NewYorkTimes,Yang,0
2020-03-30,Politico,Yang,0
2020-03-30,WashingtonTimes,Yang,0
2020-03-31,AP,Yang,0
2020-03-31,Breitbart,Yang,0
2020-03-31,Buzzfeed,Yang,0
2020-03-31,Fox,Yang,0
2020-03-31,NBC,Yang,0
2020-03-31,NewYorkTimes,Yang,4
2020-03-31,Politico,Yang,32
2020-03-31,WashingtonTimes,Yang,0
2020-04-01,AP,Yang,0
2020-04-01,Breitbart,Yang,0
2020-04-01,Buzzfeed,Yang,0
2020-04-01,Fox,Yang,0
2020-04-01,NBC,Yang,0
2020-04-01,NewYorkTimes,Yang,0
2020-04-01,Politico,Yang,0
2020-04-01,WashingtonTimes,Yang,0
2020-04-02,AP,Yang,18
2020-04-02,Breitbart,Yang,0
2020-04-02,Fox,Yang,0
2020-04-02,NBC,Yang,5
2020-04-02,NewYorkTimes,Yang,0
2020-04-02,Politico,Yang,0
2020-04-02,WashingtonTimes,Yang,0
2020-04-03,AP,Yang,0
2020-04-03,Breitbart,Yang,3
2020-04-03,Buzzfeed,Yang,0
2020-04-03,Fox,Yang,0
2020-04-03,NBC,Yang,0
2020-04-03,NewYorkTimes,Yang,0
2020-04-03,Politico,Yang,0
2020-04-03,WashingtonTimes,Yang,0
2020-04-04,AP,Yang,0
2020-04-04,Breitbart,Yang,1
2020-04-04,Buzzfeed,Yang,0
2020-04-04,Fox,Yang,0
2020-04-04,NBC,Yang,0
2020-04-04,NewYorkTimes,Yang,0
2020-04-04,Politico,Yang,0
2020-04-04,WashingtonTimes,Yang,6
2020-04-05,AP,Yang,0
2020-04-05,Breitbart,Yang,0
2020-04-05,Fox,Yang,0
2020-04-05,NBC,Yang,0
2020-04-05,NewYorkTimes,Yang,4
2020-04-05,Politico,Yang,0
2020-04-05,WashingtonTimes,Yang,0
2020-04-06,AP,Yang,0
2020-04-06,Breitbart,Yang,0
2020-04-06,Buzzfeed,Yang,0
2020-04-06,Fox,Yang,0
2020-04-06,NBC,Yang,0
2020-04-06,NewYorkTimes,Yang,0
2020-04-06,Politico,Yang,0
2020-04-06,WashingtonTimes,Yang,0
2020-04-07,AP,Yang,0
2020-04-07,Breitbart,Yang,1
2020-04-07,Fox,Yang,0
2020-04-07,NBC,Yang,9
2020-04-07,NewYorkTimes,Yang,0
2020-04-07,Politico,Yang,0
2020-04-07,WashingtonTimes,Yang,0
2020-04-08,AP,Yang,0
2020-04-08,Breitbart,Yang,0
2020-04-08,Buzzfeed,Yang,3
2020-04-08,Fox,Yang,2
2020-04-08,NBC,Yang,0
2020-04-08,NewYorkTimes,Yang,0
2020-04-08,Politico,Yang,0
2020-04-08,WashingtonTimes,Yang,12
2020-04-09,AP,Yang,0
2020-04-09,Breitbart,Yang,2
2020-04-09,Buzzfeed,Yang,0
2020-04-09,Fox,Yang,4
2020-04-09,NBC,Yang,0
2020-04-09,NewYorkTimes,Yang,0
2020-04-09,Politico,Yang,0
2020-04-09,WashingtonTimes,Yang,0
2020-04-10,AP,Yang,0
2020-04-10,Breitbart,Yang,1
2020-04-10,Fox,Yang,0
2020-04-10,NBC,Yang,0
2020-04-10,NewYorkTimes,Yang,6
2020-04-10,Politico,Yang,4
2020-04-10,WashingtonTimes,Yang,15
2020-04-11,AP,Yang,0
2020-04-11,Breitbart,Yang,0
2020-04-11,Buzzfeed,Yang,0
2020-04-11,Fox,Yang,0
2020-04-11,NBC,Yang,0
2020-04-11,NewYorkTimes,Yang,0
2020-04-11,Politico,Yang,0
2020-04-11,WashingtonTimes,Yang,0
2020-04-12,AP,Yang,0
2020-04-12,Breitbart,Yang,0
2020-04-12,Fox,Yang,0
2020-04-12,NBC,Yang,0
2020-04-12,NewYorkTimes,Yang,0
2020-04-12,Politico,Yang,0
2020-04-12,WashingtonTimes,Yang,0
2020-04-13,AP,Yang,0
2020-04-13,Breitbart,Yang,0
2020-04-13,Buzzfeed,Yang,0
2020-04-13,Fox,Yang,0
2020-04-13,NBC,Yang,0
2020-04-13,NewYorkTimes,Yang,0
2020-04-13,Politico,Yang,2
2020-04-13,WashingtonTimes,Yang,0
2020-04-14,AP,Yang,0
2020-04-14,Breitbart,Yang,0
2020-04-14,Buzzfeed,Yang,0
2020-04-14,Fox,Yang,0
2020-04-14,NBC,Yang,0
2020-04-14,NewYorkTimes,Yang,0
2020-04-14,Politico,Yang,0
2020-04-14,WashingtonTimes,Yang,0
2020-04-15,AP,Yang,0
2020-04-15,Breitbart,Yang,0
2020-04-15,Buzzfeed,Yang,0
2020-04-15,Fox,Yang,0
2020-04-15,NBC,Yang,0
2020-04-15,NewYorkTimes,Yang,0
2020-04-15,Politico,Yang,2
2020-04-15,WashingtonTimes,Yang,0
2020-04-16,AP,Yang,0
2020-04-16,Breitbart,Yang,0
2020-04-16,Buzzfeed,Yang,0
2020-04-16,Fox,Yang,0
2020-04-16,NBC,Yang,0
2020-04-16,Politico,Yang,0
2020-04-16,WashingtonTimes,Yang,0
2020-04-17,AP,Yang,0
2020-04-17,Breitbart,Yang,0
2020-04-17,Buzzfeed,Yang,0
2020-04-17,Fox,Yang,0
2020-04-17,NBC,Yang,0
2020-04-17,Politico,Yang,0
2020-04-17,WashingtonTimes,Yang,2
2020-04-18,Breitbart,Yang,0
2020-04-18,Fox,Yang,0
2020-04-18,NBC,Yang,0
2020-04-18,Politico,Yang,0
2020-04-18,WashingtonTimes,Yang,0
2020-04-19,Breitbart,Yang,0
2020-04-19,Fox,Yang,0
2020-03-01,NewYorkTimes,Steyer,0
2020-03-02,Buzzfeed,Steyer,10
2020-03-02,NewYorkTimes,Steyer,0
2020-03-03,Buzzfeed,Steyer,50
2020-03-04,Buzzfeed,Steyer,0
2020-03-04,Fox,Steyer,0
2020-03-05,Buzzfeed,Steyer,0
2020-03-05,Fox,Steyer,0
2020-03-06,AP,Steyer,0
2020-03-06,Breitbart,Steyer,0
2020-03-06,Buzzfeed,Steyer,0
2020-03-06,Fox,Steyer,0
2020-03-06,NewYorkTimes,Steyer,0
2020-03-07,AP,Steyer,6
2020-03-07,Breitbart,Steyer,0
2020-03-07,Buzzfeed,Steyer,0
2020-03-07,Fox,Steyer,0
2020-03-07,NBC,Steyer,0
2020-03-07,NewYorkTimes,Steyer,0
2020-03-08,AP,Steyer,0
2020-03-08,Breitbart,Steyer,0
2020-03-08,Fox,Steyer,0
2020-03-08,NBC,Steyer,0
2020-03-08,NewYorkTimes,Steyer,0
2020-03-09,AP,Steyer,0
2020-03-09,Breitbart,Steyer,0
2020-03-09,Buzzfeed,Steyer,0
2020-03-09,Fox,Steyer,0
2020-03-09,NBC,Steyer,0
2020-03-09,NewYorkTimes,Steyer,0
2020-03-10,AP,Steyer,0
2020-03-10,Buzzfeed,Steyer,0
2020-03-10,Fox,Steyer,7
2020-03-10,NBC,Steyer,0
2020-03-10,NewYorkTimes,Steyer,0
2020-03-11,AP,Steyer,0
2020-03-11,Buzzfeed,Steyer,0
2020-03-11,Fox,Steyer,0
2020-03-11,NBC,Steyer,0
2020-03-12,AP,Steyer,0
2020-03-12,Breitbart,Steyer,2
2020-03-12,Buzzfeed,Steyer,0
2020-03-12,Fox,Steyer,0
2020-03-12,NBC,Steyer,0
2020-03-12,NewYorkTimes,Steyer,0
2020-03-13,AP,Steyer,0
2020-03-13,Breitbart,Steyer,0
2020-03-13,Buzzfeed,Steyer,0
2020-03-13,Fox,Steyer,0
2020-03-13,NBC,Steyer,0
2020-03-13,NewYorkTimes,Steyer,0
2020-03-13,Politico,Steyer,0
2020-03-13,WashingtonTimes,Steyer,0
2020-03-14,AP,Steyer,0
2020-03-14,Breitbart,Steyer,2
2020-03-14,Buzzfeed,Steyer,0
2020-03-14,Fox,Steyer,0
2020-03-14,NBC,Steyer,0
2020-03-14,NewYorkTimes,Steyer,0
2020-03-14,Politico,Steyer,0
2020-03-14,WashingtonTimes,Steyer,0
2020-03-15,AP,Steyer,0
2020-03-15,Breitbart,Steyer,0
2020-03-15,Buzzfeed,Steyer,0
2020-03-15,Fox,Steyer,0
2020-03-15,NBC,Steyer,9
2020-03-15,NewYorkTimes,Steyer,0
2020-03-15,Politico,Steyer,0
2020-03-15,WashingtonTimes,Steyer,0
2020-03-16,AP,Steyer,0
2020-03-16,Breitbart,Steyer,2
2020-03-16,Buzzfeed,Steyer,0
2020-03-16,Fox,Steyer,0
2020-03-16,NBC,Steyer,0
2020-03-16,NewYorkTimes,Steyer,0
2020-03-16,Politico,Steyer,0
2020-03-16,WashingtonTimes,Steyer,0
2020-03-17,AP,Steyer,0
2020-03-17,Breitbart,Steyer,0
2020-03-17,Buzzfeed,Steyer,0
2020-03-17,Fox,Steyer,0
2020-03-17,NBC,Steyer,0
2020-03-17,NewYorkTimes,Steyer,0
2020-03-17,Politico,Steyer,0
2020-03-17,WashingtonTimes,Steyer,0
2020-03-18,AP,Steyer,0
2020-03-18,Breitbart,Steyer,2
2020-03-18,Buzzfeed,Steyer,0
2020-03-18,Fox,Steyer,0
2020-03-18,NBC,Steyer,0
2020-03-18,NewYorkTimes,Steyer,0
2020-03-18,Politico,Steyer,0
2020-03-18,WashingtonTimes,Steyer,0
2020-03-19,AP,Steyer,0
2020-03-19,Breitbart,Steyer,0
2020-03-19,Buzzfeed,Steyer,0
2020-03-19,Fox,Steyer,0
2020-03-19,NBC,Steyer,0
2020-03-19,NewYorkTimes,Steyer,0
2020-03-19,Politico,Steyer,0
2020-03-19,WashingtonTimes,Steyer,0
2020-03-20,AP,Steyer,0
2020-03-20,Breitbart,Steyer,0
2020-03-20,Buzzfeed,Steyer,0
2020-03-20,Fox,Steyer,0
2020-03-20,NBC,Steyer,0
2020-03-20,NewYorkTimes,Steyer,0
2020-03-20,Politico,Steyer,0
2020-03-20,WashingtonTimes,Steyer,0
2020-03-21,AP,Steyer,0
2020-03-21,Breitbart,Steyer,0
2020-03-21,Buzzfeed,Steyer,0
2020-03-21,Fox,Steyer,0
2020-03-21,NBC,Steyer,0
2020-03-21,NewYorkTimes,Steyer,0
2020-03-21,Politico,Steyer,0
2020-03-21,WashingtonTimes,Steyer,0
2020-03-22,AP,Steyer,0
2020-03-22,Breitbart,Steyer,0
2020-03-22,Fox,Steyer,0
2020-03-22,NBC,Steyer,0
2020-03-22,NewYorkTimes,Steyer,0
2020-03-22,Politico,Steyer,0
2020-03-22,WashingtonTimes,Steyer,0
2020-03-23,AP,Steyer,0
2020-03-23,Breitbart,Steyer,0
2020-03-23,Buzzfeed,Steyer,0
2020-03-23,Fox,Steyer,0
2020-03-23,NBC,Steyer,0
2020-03-23,NewYorkTimes,Steyer,0
2020-03-23,Politico,Steyer,6
2020-03-23,WashingtonTimes,Steyer,0
2020-03-24,AP,Steyer,0
2020-03-24,Breitbart,Steyer,0
2020-03-24,Buzzfeed,Steyer,0
2020-03-24,Fox,Steyer,0
2020-03-24,NBC,Steyer,0
2020-03-24,NewYorkTimes,Steyer,0
2020-03-24,Politico,Steyer,0
2020-03-24,WashingtonTimes,Steyer,0
2020-03-25,AP,Steyer,0
2020-03-25,Breitbart,Steyer,0
2020-03-25,Buzzfeed,Steyer,0
2020-03-25,Fox,Steyer,0
2020-03-25,NBC,Steyer,0
2020-03-25,NewYorkTimes,Steyer,0
2020-03-25,Politico,Steyer,0
2020-03-25,WashingtonTimes,Steyer,0
2020-03-26,AP,Steyer,0
2020-03-26,Breitbart,Steyer,0
2020-03-26,Fox,Steyer,0
2020-03-26,NBC,Steyer,0
2020-03-26,NewYorkTimes,Steyer,0
2020-03-26,Politico,Steyer,0
2020-03-26,WashingtonTimes,Steyer,0
2020-03-27,AP,Steyer,0
2020-03-27,Breitbart,Steyer,0
2020-03-27,Buzzfeed,Steyer,0
2020-03-27,Fox,Steyer,0
2020-03-27,NBC,Steyer,0
2020-03-27,NewYorkTimes,Steyer,0
2020-03-27,Politico,Steyer,0
2020-03-27,WashingtonTimes,Steyer,0
2020-03-28,AP,Steyer,0
2020-03-28,Breitbart,Steyer,0
2020-03-28,Buzzfeed,Steyer,0
2020-03-28,Fox,Steyer,0
2020-03-28,NBC,Steyer,0
2020-03-28,NewYorkTimes,Steyer,0
2020-03-28,Politico,Steyer,0
2020-03-28,WashingtonTimes,Steyer,0
2020-03-29,AP,Steyer,0
2020-03-29,Breitbart,Steyer,0
2020-03-29,Buzzfeed,Steyer,0
2020-03-29,Fox,Steyer,0
2020-03-29,NBC,Steyer,0
2020-03-29,NewYorkTimes,Steyer,0
2020-03-29,Politico,Steyer,0
2020-03-29,WashingtonTimes,Steyer,0
2020-03-30,AP,Steyer,0
2020-03-30,Breitbart,Steyer,0
2020-03-30,Buzzfeed,Steyer,0
2020-03-30,Fox,Steyer,0
2020-03-30,NBC,Steyer,0
2020-03-30,NewYorkTimes,Steyer,32
2020-03-30,Politico,Steyer,0
2020-03-30,WashingtonTimes,Steyer,0
2020-03-31,AP,Steyer,0
2020-03-31,Breitbart,Steyer,0
2020-03-31,Buzzfeed,Steyer,0
2020-03-31,Fox,Steyer,0
2020-03-31,NBC,Steyer,0
2020-03-31,NewYorkTimes,Steyer,0
2020-03-31,Politico,Steyer,0
2020-03-31,WashingtonTimes,Steyer,0
2020-04-01,AP,Steyer,0
2020-04-01,Breitbart,Steyer,0
2020-04-01,Buzzfeed,Steyer,0
2020-04-01,Fox,Steyer,0
2020-04-01,NBC,Steyer,0
2020-04-01,NewYorkTimes,Steyer,0
2020-04-01,Politico,Steyer,0
2020-04-01,WashingtonTimes,Steyer,0
2020-04-02,AP,Steyer,0
2020-04-02,Breitbart,Steyer,0
2020-04-02,Fox,Steyer,0
2020-04-02,NBC,Steyer,0
2020-04-02,NewYorkTimes,Steyer,0
2020-04-02,Politico,Steyer,0
2020-04-02,WashingtonTimes,Steyer,0
2020-04-03,AP,Steyer,0
2020-04-03,Breitbart,Steyer,0
2020-04-03,Buzzfeed,Steyer,0
2020-04-03,Fox,Steyer,0
2020-04-03,NBC,Steyer,0
2020-04-03,NewYorkTimes,Steyer,0
2020-04-03,Politico,Steyer,0
2020-04-03,WashingtonTimes,Steyer,0
2020-04-04,AP,Steyer,0
2020-04-04,Breitbart,Steyer,0
2020-04-04,Buzzfeed,Steyer,0
2020-04-04,Fox,Steyer,2
2020-04-04,NBC,Steyer,0
2020-04-04,NewYorkTimes,Steyer,0
2020-04-04,Politico,Steyer,0
2020-04-04,WashingtonTimes,Steyer,0
2020-04-05,AP,Steyer,0
2020-04-05,Breitbart,Steyer,0
2020-04-05,Fox,Steyer,0
2020-04-05,NBC,Steyer,0
2020-04-05,NewYorkTimes,Steyer,0
2020-04-05,Politico,Steyer,0
2020-04-05,WashingtonTimes,Steyer,0
2020-04-06,AP,Steyer,0
2020-04-06,Breitbart,Steyer,0
2020-04-06,Buzzfeed,Steyer,0
2020-04-06,Fox,Steyer,0
2020-04-06,NBC,Steyer,0
2020-04-06,NewYorkTimes,Steyer,0
2020-04-06,Politico,Steyer,0
2020-04-06,WashingtonTimes,Steyer,0
2020-04-07,AP,Steyer,0
2020-04-07,Breitbart,Steyer,0
2020-04-07,Fox,Steyer,0
2020-04-07,NBC,Steyer,0
2020-04-07,NewYorkTimes,Steyer,0
2020-04-07,Politico,Steyer,0
2020-04-07,WashingtonTimes,Steyer,0
2020-04-08,AP,Steyer,0
2020-04-08,Breitbart,Steyer,1
2020-04-08,Buzzfeed,Steyer,0
2020-04-08,Fox,Steyer,0
2020-04-08,NBC,Steyer,0
2020-04-08,NewYorkTimes,Steyer,2
2020-04-08,Politico,Steyer,0
2020-04-08,WashingtonTimes,Steyer,0
2020-04-09,AP,Steyer,0
2020-04-09,Breitbart,Steyer,0
2020-04-09,Buzzfeed,Steyer,0
2020-04-09,Fox,Steyer,6
2020-04-09,NBC,Steyer,6
2020-04-09,NewYorkTimes,Steyer,0
2020-04-09,Politico,Steyer,0
2020-04-09,WashingtonTimes,Steyer,0
2020-04-10,AP,Steyer,0
2020-04-10,Breitbart,Steyer,0
2020-04-10,Fox,Steyer,0
2020-04-10,NBC,Steyer,0
2020-04-10,NewYorkTimes,Steyer,0
2020-04-10,Politico,Steyer,2
2020-04-10,WashingtonTimes,Steyer,0
2020-04-11,AP,Steyer,0
2020-04-11,Breitbart,Steyer,0
2020-04-11,Buzzfeed,Steyer,0
2020-04-11,Fox,Steyer,0
2020-04-11,NBC,Steyer,0
2020-04-11,NewYorkTimes,Steyer,0
2020-04-11,Politico,Steyer,0
2020-04-11,WashingtonTimes,Steyer,0
2020-04-12,AP,Steyer,0
2020-04-12,Breitbart,Steyer,0
2020-04-12,Fox,Steyer,0
2020-04-12,NBC,Steyer,0
2020-04-12,NewYorkTimes,Steyer,0
2020-04-12,Politico,Steyer,0
2020-04-12,WashingtonTimes,Steyer,0
2020-04-13,AP,Steyer,0
2020-04-13,Breitbart,Steyer,0
2020-04-13,Buzzfeed,Steyer,0
2020-04-13,Fox,Steyer,0
2020-04-13,NBC,Steyer,0
2020-04-13,NewYorkTimes,Steyer,0
2020-04-13,Politico,Steyer,0
2020-04-13,WashingtonTimes,Steyer,0
2020-04-14,AP,Steyer,0
2020-04-14,Breitbart,Steyer,0
2020-04-14,Buzzfeed,Steyer,0
2020-04-14,Fox,Steyer,0
2020-04-14,NBC,Steyer,0
2020-04-14,NewYorkTimes,Steyer,0
2020-04-14,Politico,Steyer,0
2020-04-14,WashingtonTimes,Steyer,0
2020-04-15,AP,Steyer,0
2020-04-15,Breitbart,Steyer,0
2020-04-15,Buzzfeed,Steyer,0
2020-04-15,Fox,Steyer,0
2020-04-15,NBC,Steyer,0
2020-04-15,NewYorkTimes,Steyer,0
2020-04-15,Politico,Steyer,0
2020-04-15,WashingtonTimes,Steyer,0
2020-04-16,AP,Steyer,0
2020-04-16,Breitbart,Steyer,0
2020-04-16,Buzzfeed,Steyer,0
2020-04-16,Fox,Steyer,0
2020-04-16,NBC,Steyer,0
2020-04-16,Politico,Steyer,0
2020-04-16,WashingtonTimes,Steyer,3
2020-04-17,AP,Steyer,0
2020-04-17,Breitbart,Steyer,0
2020-04-17,Buzzfeed,Steyer,0
2020-04-17,Fox,Steyer,0
2020-04-17,NBC,Steyer,0
2020-04-17,Politico,Steyer,0
2020-04-17,WashingtonTimes,Steyer,0
2020-04-18,Breitbart,Steyer,0
2020-04-18,Fox,Steyer,0
2020-04-18,NBC,Steyer,0
2020-04-18,Politico,Steyer,0
2020-04-18,WashingtonTimes,Steyer,0
2020-04-19,Breitbart,Steyer,0
2020-04-19,Fox,Steyer,0
2020-03-01,NewYorkTimes,Gabbard,0
2020-03-02,Buzzfeed,Gabbard,0
2020-03-02,NewYorkTimes,Gabbard,0
2020-03-03,Buzzfeed,Gabbard,0
2020-03-04,Buzzfeed,Gabbard,0
2020-03-04,Fox,Gabbard,0
2020-03-05,Buzzfeed,Gabbard,10
2020-03-05,Fox,Gabbard,0
2020-03-06,AP,Gabbard,18
2020-03-06,Breitbart,Gabbard,12
2020-03-06,Buzzfeed,Gabbard,90
2020-03-06,Fox,Gabbard,35
2020-03-06,NewYorkTimes,Gabbard,0
2020-03-07,AP,Gabbard,0
2020-03-07,Breitbart,Gabbard,18
2020-03-07,Buzzfeed,Gabbard,0
2020-03-07,Fox,Gabbard,7
2020-03-07,NBC,Gabbard,0
2020-03-07,NewYorkTimes,Gabbard,0
2020-03-08,AP,Gabbard,0
2020-03-08,Breitbart,Gabbard,0
2020-03-08,Fox,Gabbard,21
2020-03-08,NBC,Gabbard,0
2020-03-08,NewYorkTimes,Gabbard,0
2020-03-09,AP,Gabbard,0
2020-03-09,Breitbart,Gabbard,0
2020-03-09,Buzzfeed,Gabbard,0
2020-03-09,Fox,Gabbard,0
2020-03-09,NBC,Gabbard,0
2020-03-09,NewYorkTimes,Gabbard,7
2020-03-10,AP,Gabbard,6
2020-03-10,Buzzfeed,Gabbard,0
2020-03-10,Fox,Gabbard,14
2020-03-10,NBC,Gabbard,0
2020-03-10,NewYorkTimes,Gabbard,0
2020-03-11,AP,Gabbard,0
2020-03-11,Buzzfeed,Gabbard,0
2020-03-11,Fox,Gabbard,0
2020-03-11,NBC,Gabbard,0
2020-03-12,AP,Gabbard,0
2020-03-12,Breitbart,Gabbard,0
2020-03-12,Buzzfeed,Gabbard,0
2020-03-12,Fox,Gabbard,0
2020-03-12,NBC,Gabbard,0
2020-03-12,NewYorkTimes,Gabbard,0
2020-03-13,AP,Gabbard,6
2020-03-13,Breitbart,Gabbard,2
2020-03-13,Buzzfeed,Gabbard,0
2020-03-13,Fox,Gabbard,0
2020-03-13,NBC,Gabbard,0
2020-03-13,NewYorkTimes,Gabbard,0
2020-03-13,Politico,Gabbard,0
2020-03-13,WashingtonTimes,Gabbard,0
2020-03-14,AP,Gabbard,0
2020-03-14,Breitbart,Gabbard,2
2020-03-14,Buzzfeed,Gabbard,0
2020-03-14,Fox,Gabbard,14
2020-03-14,NBC,Gabbard,0
2020-03-14,NewYorkTimes,Gabbard,7
2020-03-14,Politico,Gabbard,0
2020-03-14,WashingtonTimes,Gabbard,0
2020-03-15,AP,Gabbard,0
2020-03-15,Breitbart,Gabbard,0
2020-03-15,Buzzfeed,Gabbard,0
2020-03-15,Fox,Gabbard,0
2020-03-15,NBC,Gabbard,36
2020-03-15,NewYorkTimes,Gabbard,0
2020-03-15,Politico,Gabbard,7
2020-03-15,WashingtonTimes,Gabbard,0
2020-03-16,AP,Gabbard,0
2020-03-16,Breitbart,Gabbard,0
2020-03-16,Buzzfeed,Gabbard,10
2020-03-16,Fox,Gabbard,7
2020-03-16,NBC,Gabbard,27
2020-03-16,NewYorkTimes,Gabbard,0
2020-03-16,Politico,Gabbard,0
2020-03-16,WashingtonTimes,Gabbard,18
2020-03-17,AP,Gabbard,0
2020-03-17,Breitbart,Gabbard,2
2020-03-17,Buzzfeed,Gabbard,10
2020-03-17,Fox,Gabbard,21
2020-03-17,NBC,Gabbard,27
2020-03-17,NewYorkTimes,Gabbard,7
2020-03-17,Politico,Gabbard,0
2020-03-17,WashingtonTimes,Gabbard,0
2020-03-18,AP,Gabbard,0
2020-03-18,Breitbart,Gabbard,0
2020-03-18,Buzzfeed,Gabbard,0
2020-03-18,Fox,Gabbard,7
2020-03-18,NBC,Gabbard,9
2020-03-18,NewYorkTimes,Gabbard,0
2020-03-18,Politico,Gabbard,0
2020-03-18,WashingtonTimes,Gabbard,0
2020-03-19,AP,Gabbard,240
2020-03-19,Breitbart,Gabbard,16
2020-03-19,Buzzfeed,Gabbard,30
2020-03-19,Fox,Gabbard,126
2020-03-19,NBC,Gabbard,81
2020-03-19,NewYorkTimes,Gabbard,0
2020-03-19,Politico,Gabbard,126
2020-03-19,WashingtonTimes,Gabbard,198
2020-03-20,AP,Gabbard,0
2020-03-20,Breitbart,Gabbard,0
2020-03-20,Buzzfeed,Gabbard,0
2020-03-20,Fox,Gabbard,0
2020-03-20,NBC,Gabbard,16
2020-03-20,NewYorkTimes,Gabbard,0
2020-03-20,Politico,Gabbard,0
2020-03-20,WashingtonTimes,Gabbard,0
2020-03-21,AP,Gabbard,0
2020-03-21,Breitbart,Gabbard,0
2020-03-21,Buzzfeed,Gabbard,0
2020-03-21,Fox,Gabbard,0
2020-03-21,NBC,Gabbard,0
2020-03-21,NewYorkTimes,Gabbard,0
2020-03-21,Politico,Gabbard,0
2020-03-21,WashingtonTimes,Gabbard,0
2020-03-22,AP,Gabbard,0
2020-03-22,Breitbart,Gabbard,0
2020-03-22,Fox,Gabbard,0
2020-03-22,NBC,Gabbard,0
2020-03-22,NewYorkTimes,Gabbard,0
2020-03-22,Politico,Gabbard,0
2020-03-22,WashingtonTimes,Gabbard,0
2020-03-23,AP,Gabbard,0
2020-03-23,Breitbart,Gabbard,0
2020-03-23,Buzzfeed,Gabbard,0
2020-03-23,Fox,Gabbard,0
2020-03-23,NBC,Gabbard,0
2020-03-23,NewYorkTimes,Gabbard,0
2020-03-23,Politico,Gabbard,0
2020-03-23,WashingtonTimes,Gabbard,0
2020-03-24,AP,Gabbard,0
2020-03-24,Breitbart,Gabbard,0
2020-03-24,Buzzfeed,Gabbard,0
2020-03-24,Fox,Gabbard,6
2020-03-24,NBC,Gabbard,0
2020-03-24,NewYorkTimes,Gabbard,0
2020-03-24,Politico,Gabbard,0
2020-03-24,WashingtonTimes,Gabbard,0
2020-03-25,AP,Gabbard,0
2020-03-25,Breitbart,Gabbard,0
2020-03-25,Buzzfeed,Gabbard,0
2020-03-25,Fox,Gabbard,0
2020-03-25,NBC,Gabbard,0
2020-03-25,NewYorkTimes,Gabbard,0
2020-03-25,Politico,Gabbard,0
2020-03-25,WashingtonTimes,Gabbard,0
2020-03-26,AP,Gabbard,0
2020-03-26,Breitbart,Gabbard,0
2020-03-26,Fox,Gabbard,0
2020-03-26,NBC,Gabbard,0
2020-03-26,NewYorkTimes,Gabbard,0
2020-03-26,Politico,Gabbard,0
2020-03-26,WashingtonTimes,Gabbard,0
2020-03-27,AP,Gabbard,0
2020-03-27,Breitbart,Gabbard,0
2020-03-27,Buzzfeed,Gabbard,0
2020-03-27,Fox,Gabbard,0
2020-03-27,NBC,Gabbard,0
2020-03-27,NewYorkTimes,Gabbard,0
2020-03-27,Politico,Gabbard,0
2020-03-27,WashingtonTimes,Gabbard,0
2020-03-28,AP,Gabbard,0
2020-03-28,Breitbart,Gabbard,0
2020-03-28,Buzzfeed,Gabbard,0
2020-03-28,Fox,Gabbard,0
2020-03-28,NBC,Gabbard,0
2020-03-28,NewYorkTimes,Gabbard,0
2020-03-28,Politico,Gabbard,0
2020-03-28,WashingtonTimes,Gabbard,0
2020-03-29,AP,Gabbard,0
2020-03-29,Breitbart,Gabbard,0
2020-03-29,Buzzfeed,Gabbard,0
2020-03-29,Fox,Gabbard,0
2020-03-29,NBC,Gabbard,0
2020-03-29,NewYorkTimes,Gabbard,0
2020-03-29,Politico,Gabbard,0
2020-03-29,WashingtonTimes,Gabbard,0
2020-03-30,AP,Gabbard,0
2020-03-30,Breitbart,Gabbard,0
2020-03-30,Buzzfeed,Gabbard,0
2020-03-30,Fox,Gabbard,0
2020-03-30,NBC,Gabbard,0
2020-03-30,NewYorkTimes,Gabbard,0
2020-03-30,Politico,Gabbard,0
2020-03-30,WashingtonTimes,Gabbard,0
2020-03-31,AP,Gabbard,0
2020-03-31,Breitbart,Gabbard,0
2020-03-31,Buzzfeed,Gabbard,0
2020-03-31,Fox,Gabbard,0
2020-03-31,NBC,Gabbard,0
2020-03-31,NewYorkTimes,Gabbard,0
2020-03-31,Politico,Gabbard,0
2020-03-31,WashingtonTimes,Gabbard,0
2020-04-01,AP,Gabbard,0
2020-04-01,Breitbart,Gabbard,0
2020-04-01,Buzzfeed,Gabbard,0
2020-04-01,Fox,Gabbard,0
2020-04-01,NBC,Gabbard,0
2020-04-01,NewYorkTimes,Gabbard,0
2020-04-01,Politico,Gabbard,0
2020-04-01,WashingtonTimes,Gabbard,0
2020-04-02,AP,Gabbard,0
2020-04-02,Breitbart,Gabbard,0
2020-04-02,Fox,Gabbard,0
2020-04-02,NBC,Gabbard,0
2020-04-02,NewYorkTimes,Gabbard,0
2020-04-02,Politico,Gabbard,0
2020-04-02,WashingtonTimes,Gabbard,0
2020-04-03,AP,Gabbard,0
2020-04-03,Breitbart,Gabbard,0
2020-04-03,Buzzfeed,Gabbard,0
2020-04-03,Fox,Gabbard,0
2020-04-03,NBC,Gabbard,0
2020-04-03,NewYorkTimes,Gabbard,0
2020-04-03,Politico,Gabbard,0
2020-04-03,WashingtonTimes,Gabbard,0
2020-04-04,AP,Gabbard,0
2020-04-04,Breitbart,Gabbard,0
2020-04-04,Buzzfeed,Gabbard,0
2020-04-04,Fox,Gabbard,0
2020-04-04,NBC,Gabbard,0
2020-04-04,NewYorkTimes,Gabbard,0
2020-04-04,Politico,Gabbard,0
2020-04-04,WashingtonTimes,Gabbard,0
2020-04-05,AP,Gabbard,0
2020-04-05,Breitbart,Gabbard,0
2020-04-05,Fox,Gabbard,0
2020-04-05,NBC,Gabbard,0
2020-04-05,NewYorkTimes,Gabbard,0
2020-04-05,Politico,Gabbard,0
2020-04-05,WashingtonTimes,Gabbard,0
2020-04-06,AP,Gabbard,0
2020-04-06,Breitbart,Gabbard,0
2020-04-06,Buzzfeed,Gabbard,0
2020-04-06,Fox,Gabbard,0
2020-04-06,NBC,Gabbard,0
2020-04-06,NewYorkTimes,Gabbard,0
2020-04-06,Politico,Gabbard,0
2020-04-06,WashingtonTimes,Gabbard,0
2020-04-07,AP,Gabbard,0
2020-04-07,Breitbart,Gabbard,0
2020-04-07,Fox,Gabbard,0
2020-04-07,NBC,Gabbard,0
2020-04-07,NewYorkTimes,Gabbard,0
2020-04-07,Politico,Gabbard,0
2020-04-07,WashingtonTimes,Gabbard,0
2020-04-08,AP,Gabbard,0
2020-04-08,Breitbart,Gabbard,0
2020-04-08,Buzzfeed,Gabbard,0
2020-04-08,Fox,Gabbard,0
2020-04-08,NBC,Gabbard,0
2020-04-08,NewYorkTimes,Gabbard,0
2020-04-08,Politico,Gabbard,0
2020-04-08,WashingtonTimes,Gabbard,0
2020-04-09,AP,Gabbard,0
2020-04-09,Breitbart,Gabbard,0
2020-04-09,Buzzfeed,Gabbard,0
2020-04-09,Fox,Gabbard,0
2020-04-09,NBC,Gabbard,0
2020-04-09,NewYorkTimes,Gabbard,0
2020-04-09,Politico,Gabbard,0
2020-04-09,WashingtonTimes,Gabbard,0
2020-04-10,AP,Gabbard,2
2020-04-10,Breitbart,Gabbard,0
2020-04-10,Fox,Gabbard,0
2020-04-10,NBC,Gabbard,0
2020-04-10,NewYorkTimes,Gabbard,0
2020-04-10,Politico,Gabbard,0
2020-04-10,WashingtonTimes,Gabbard,0
2020-04-11,AP,Gabbard,0
2020-04-11,Breitbart,Gabbard,0
2020-04-11,Buzzfeed,Gabbard,0
2020-04-11,Fox,Gabbard,0
2020-04-11,NBC,Gabbard,0
2020-04-11,NewYorkTimes,Gabbard,0
2020-04-11,Politico,Gabbard,0
2020-04-11,WashingtonTimes,Gabbard,0
2020-04-12,AP,Gabbard,1
2020-04-12,Breitbart,Gabbard,0
2020-04-12,Fox,Gabbard,2
2020-04-12,NBC,Gabbard,0
2020-04-12,NewYorkTimes,Gabbard,0
2020-04-12,Politico,Gabbard,0
2020-04-12,WashingtonTimes,Gabbard,0
2020-04-13,AP,Gabbard,0
2020-04-13,Breitbart,Gabbard,0
2020-04-13,Buzzfeed,Gabbard,0
2020-04-13,Fox,Gabbard,0
2020-04-13,NBC,Gabbard,0
2020-04-13,NewYorkTimes,Gabbard,0
2020-04-13,Politico,Gabbard,0
2020-04-13,WashingtonTimes,Gabbard,0
2020-04-14,AP,Gabbard,0
2020-04-14,Breitbart,Gabbard,0
2020-04-14,Buzzfeed,Gabbard,0
2020-04-14,Fox,Gabbard,0
2020-04-14,NBC,Gabbard,0
2020-04-14,NewYorkTimes,Gabbard,0
2020-04-14,Politico,Gabbard,0
2020-04-14,WashingtonTimes,Gabbard,0
2020-04-15,AP,Gabbard,0
2020-04-15,Breitbart,Gabbard,0
2020-04-15,Buzzfeed,Gabbard,0
2020-04-15,Fox,Gabbard,0
2020-04-15,NBC,Gabbard,0
2020-04-15,NewYorkTimes,Gabbard,0
2020-04-15,Politico,Gabbard,0
2020-04-15,WashingtonTimes,Gabbard,0
2020-04-16,AP,Gabbard,0
2020-04-16,Breitbart,Gabbard,0
2020-04-16,Buzzfeed,Gabbard,0
2020-04-16,Fox,Gabbard,0
2020-04-16,NBC,Gabbard,0
2020-04-16,Politico,Gabbard,2
2020-04-16,WashingtonTimes,Gabbard,0
2020-04-17,AP,Gabbard,0
2020-04-17,Breitbart,Gabbard,0
2020-04-17,Buzzfeed,Gabbard,0
2020-04-17,Fox,Gabbard,1
2020-04-17,NBC,Gabbard,0
2020-04-17,Politico,Gabbard,0
2020-04-17,WashingtonTimes,Gabbard,0
2020-04-18,Breitbart,Gabbard,0
2020-04-18,Fox,Gabbard,0
2020-04-18,NBC,Gabbard,0
2020-04-18,Politico,Gabbard,0
2020-04-18,WashingtonTimes,Gabbard,0
2020-04-19,Breitbart,Gabbard,0
2020-04-19,Fox,Gabbard,0
